1.4821516	-4.352186	-2.155346	3.7724998	1.2308313	-5.240428	4.4580946	1.2231599	-3.0282555	3.1297927	-1.4182115	-4.2208796	0.12007936	-0.5998942	1.0671831	-2.7570653	2.7842417	2.0974221	-2.4963238	-6.7906785	2.910163	-0.6091482	-1.5179782	-1.6872288	-0.5777393	-3.5471678	-3.9304667	-0.6588764	3.5364385	-3.9123435	-5.255722	-5.5290227	1.5835774	-1.1893561	1.2729415	-0.33036363	-9.0082245	-3.2051618	-0.4395307	9.236086	0.76859593	-0.5272069	-4.607558	-1.2359555	1.6085362	0.3337591	-1.8664874	1.8462555	-0.6938821	3.2006698	-0.38549757	5.646239	-2.6364343	2.2411318	0.025609644	0.26076323	2.2864997	0.23303613	1.8261365	3.9568746	2.775475	-1.8150904	-2.3076608	3.9072735	2.984132	2.2929432	-5.1347156	5.496697	-1.4102279	-4.3616037	-3.611111	-2.4974492	-2.1102285	5.8177056	3.6918235	-3.548315	-4.478616	-6.126325	2.0011213	0.49933967	6.3329854	1.8657055	1.0742098	-0.5059317	2.7773786	0.19833511	-2.4135673	2.965961	-1.7824153	6.8349233	-4.69837	-1.6293688	-5.1004195	6.0882688	-4.338275	0.19144271	0.9525203	3.6695373	4.899135	-5.039834	
3.744938	4.8725243	1.0761024	2.144476	0.2471295	2.9498448	0.26303062	1.2380025	-1.3655713	2.1808543	1.8775604	2.8879845	-2.3081143	-0.6560724	-1.8648725	0.37793615	2.8056467	-0.93507713	2.5020561	-0.6568336	3.7631087	-3.3284514	-2.1584308	2.4465878	0.6011787	-1.0599668	1.2802747	0.74591786	-0.09231808	0.13595839	-2.5000556	1.2223139	2.7008739	-3.404594	-2.511304	-2.4834309	1.3855222	3.589418	-0.51117605	-1.0534961	-0.6037144	-1.9934617	0.61635846	0.47867692	-2.874742	0.004587847	2.3332863	-2.6564255	-4.7630754	-2.5701241	-6.665582	0.8617183	-0.045880187	-0.5649438	0.50777745	0.5630259	5.053924	-1.5683742	-3.2914588	-3.821474	-0.07387114	0.28536427	-1.1800356	-2.2212954	2.4617019	-0.13668534	-7.160112	-2.435069	2.7362494	2.6287575	1.6808845	2.1032188	-2.3747585	-3.5805008	1.9026897	-0.066383086	-3.2895925	1.7909836	1.9823381	0.2579764	-0.29907146	-2.1728904	1.0107825	0.6386223	1.645709	-3.1696177	2.8246741	0.08136807	3.5570917	-6.624476	1.4696245	-2.8430507	0.75083715	0.21740992	3.762658	-2.2705579	-1.1723015	0.25285533	0.7083867	0.76126146	
3.4300873	-5.951541	-1.2867876	1.1362345	1.609786	-2.0644102	0.9780734	-1.0532334	-0.3783789	5.5014014	-5.0892096	-4.475938	-2.578744	-2.1977994	1.8979925	-0.7289361	-0.895137	2.3728106	2.3358018	-3.9972646	-0.5329302	0.9574856	-2.6594818	0.39886367	-7.4452453	-0.06502016	-10.410532	-4.0327935	4.411112	-3.1662223	-1.629055	-5.0139647	2.69458	-0.92810524	2.7884028	0.87331915	-5.2465515	-2.6772194	-1.1515257	5.9007215	-2.4263864	-1.4437609	-1.5542929	-0.4009566	0.29948032	1.0218551	1.6481456	2.215499	3.6385944	6.0487876	-1.6068932	3.0143087	-3.675391	-2.7148623	-1.9028313	0.28971514	-2.3213258	3.2289693	4.5849724	2.860162	-1.4980372	-1.6005017	-3.020543	5.4465923	5.765434	4.909683	0.83062875	3.3802624	1.9824394	-3.4323516	-2.8908217	-5.0080667	0.2566641	-2.4128265	4.9090962	3.6967034	-4.212878	-3.7755837	-1.0418566	-0.22554912	8.666592	3.5896106	-3.089031	-1.4164284	2.8713925	-0.15650502	-4.067301	-2.2700658	-0.7732041	2.721632	-4.818579	-1.3463022	-0.46022582	3.9078414	-5.7695737	-2.7720978	3.9780078	0.07418676	4.9505687	-1.2361891	
-1.8368394	-1.4624041	-1.2149421	7.24863	2.263609	0.5949264	2.5333552	9.941157	-2.8416166	3.192319	3.3633144	0.2245577	-2.1159487	-1.1097207	-0.878581	-4.360523	-0.5529394	4.743371	1.4693979	-3.1531527	0.69843346	-2.1617727	1.4301935	-4.00989	2.1951573	0.7318613	2.7785895	1.7149783	5.654074	-9.561461	-1.8089957	-8.2121935	-0.62170553	0.7106125	0.8409622	4.948369	3.7585359	-4.667515	4.002014	5.949153	4.068678	1.2831914	-0.10407121	-4.833344	-3.5739384	-1.6236308	-4.8688307	-0.28023833	-1.1317307	0.066152506	-3.2233722	1.4516718	0.91116375	-1.2225176	-1.370635	-2.363323	1.3540418	8.703755	-1.7911916	-3.2490396	4.494455	0.52281725	3.0979435	2.5501144	1.080524	6.3174467	-5.950642	3.2747083	-3.8658524	-0.58412147	-2.556482	4.7851257	-0.09333711	0.17491286	-2.5547376	-4.6862965	-0.64131755	-2.2435548	3.8767028	1.0407026	3.4080586	2.643489	1.738693	-4.2998867	3.4008517	-2.4597917	-5.1504374	-4.301561	-4.936629	6.720062	-3.8268785	-0.45110077	0.549219	3.4135365	-2.56714	-0.7203419	-0.49871844	-1.4388244	6.8284063	-1.3518106	
-0.08441477	3.0660634	5.792384	0.60601187	-4.936346	-0.7349212	0.011256931	2.7087314	-3.7235138	-0.22327209	2.822643	-3.0431008	1.6337298	-7.8484426	0.1578543	-1.7800928	-0.54305756	3.240791	-5.9852743	2.3502157	3.6368098	-1.7559142	-1.2424434	-6.6219144	-0.018020744	-3.1734207	-0.37441683	-1.1759143	1.0703666	7.948825	0.010959521	-2.7261088	-0.8195806	0.76491237	2.047256	-2.2671537	2.0063307	-3.7490082	0.23734353	0.43664038	1.356793	-3.9862022	2.599703	2.8777049	-3.299468	-0.6207426	1.8160205	-1.4163178	-0.86542463	3.9835718	0.0077306144	1.5572189	-4.562941	-0.91194385	-4.6865087	3.044316	-5.331995	3.130477	-1.9748296	3.3229208	1.4812772	-1.4780186	1.3561031	0.9063795	2.1630077	0.09010074	0.17785363	2.346703	-0.61387515	-1.0632676	-5.693323	-2.7267616	3.448257	-4.719142	0.2176808	0.8568564	-2.8137693	-3.7924016	2.741857	0.467957	1.3073828	2.7470155	3.8619924	-0.5824899	-3.2664835	2.43696	3.733711	-2.5186703	0.2722541	-1.2120275	-3.7510302	-0.4172358	-0.90392345	1.6375036	1.0319066	-2.2550335	0.164765	-0.79394484	0.753679	-0.25386718	
-2.0007954	-0.5019745	2.5636072	2.6521904	-1.6159354	0.89510477	-0.7105337	0.034399215	-4.463828	1.4300921	-0.79962367	-6.077399	-0.47682548	-3.472379	-0.16598143	0.27585623	-3.725544	2.9696064	-4.7664933	-0.45955947	2.9510748	-4.3333573	0.5454122	-3.3718429	2.5874949	-1.7957819	-1.1550578	-0.44474435	1.1701151	2.329246	-6.336695	-3.8088188	1.2743119	-3.437027	-0.6015822	2.583026	3.4472206	1.16854	-0.54380465	-1.0100945	-3.0099695	0.4997938	-8.0596	0.49973947	-1.140566	-1.4836535	3.8332005	2.8569584	-0.436969	2.4335124	1.2638649	-1.7808396	-5.3798304	-5.5617495	-2.5280807	0.7084902	-4.4823875	3.3269632	3.0030332	3.5285277	-1.5874537	-4.8015203	2.5665648	0.9383824	-0.25985718	-0.3877289	-1.8704811	-0.3748158	2.3797784	2.0319188	-1.1345252	0.78926307	2.6864505	0.016264208	0.46474236	3.3084981	2.4797802	-1.0398829	-2.5173466	0.85741436	-0.71231216	4.4211507	2.0870209	3.3362792	-3.886638	-1.8730357	4.637355	2.6297836	-0.46997842	-4.527657	-3.7765203	1.2663348	-0.52761906	-2.601462	-2.602699	-3.5756407	-2.4210272	-3.0220385	0.8365936	-0.60109854	
-1.6767926	1.0153785	2.3854477	0.36200985	2.2219594	-1.674372	3.320869	1.8111176	2.4040592	0.84413224	1.1666555	-0.44154304	-2.3067946	-0.15407716	-0.10625166	0.4118751	-1.1551	1.0437535	0.60649925	-0.37006742	2.7877455	-0.14813711	0.35391697	3.7001622	1.7890021	-2.1038632	1.9272053	-0.36990234	-0.35908252	0.85686517	-0.41838366	1.2531437	2.393444	-1.5709037	-0.334605	0.6738615	0.9481267	-1.170021	-0.7314689	0.9469063	-0.16671617	-1.3277073	0.7524327	1.8300859	-1.7611763	1.8038914	-0.020604009	-1.0884941	-0.24917322	-0.47003958	-0.5667123	-0.11104602	0.006218711	-0.5606169	0.5708857	1.3743491	0.1628824	-2.3584352	1.1881529	0.8797392	-0.23116046	0.48759845	0.16343257	-1.3386614	2.4639804	0.33311114	-1.0345775	-0.5295564	0.98542315	-0.53329027	2.1907647	-1.4175338	0.34062684	-1.9750966	-0.21816851	0.33327848	0.28685454	0.24352722	1.5226151	-1.6626724	-1.5812848	-0.9973798	-0.9544955	1.1893255	0.94529116	-2.3916264	-0.85836744	0.39201382	-0.18064941	0.63022095	1.9986742	1.4274231	0.28858104	0.95200956	2.1471038	-0.31587216	-2.0118742	2.262207	0.5806409	2.0785563	
-1.3682265	3.2037144	2.8696108	-0.3443823	0.1546253	-3.33581	-0.06739584	2.5173075	-1.9090166	-2.3448021	2.5396962	-5.1938777	-1.3541676	-2.9591494	-1.5317315	1.4483504	2.5092664	3.2123945	-2.6535766	0.7302407	1.4343597	0.29792756	1.0296166	-1.099775	-2.619054	-2.1588118	1.3069582	0.5420256	2.1518836	4.3428073	0.68136877	-2.9346979	2.3687146	-3.254564	2.7378786	2.7267075	-1.4241604	0.316654	-0.86355937	3.7293582	-0.08529853	0.35223386	2.7485764	2.8385105	-1.3611184	0.5998845	0.8588959	-0.84866273	-1.3787115	-0.81475943	1.5359617	1.6928314	-1.0515484	-1.7163296	-4.236697	1.2140937	-0.8390171	-2.6209588	0.98203963	4.061377	-1.6456655	0.13210826	-0.5047975	0.7975032	2.2001815	-0.5016248	1.3351785	0.4506435	-0.0942342	1.6982833	-3.386588	-0.24247774	-3.4417415	-2.1345994	-2.3028998	5.578533	-0.18898736	1.2251135	-0.7156777	-0.3399165	-5.199584	-1.3378801	4.8298826	0.9293941	-1.1726929	-0.95903516	2.5915022	0.020763414	-0.66827977	-1.5768142	-1.2070554	2.4062493	-2.81315	1.250033	-1.3565139	1.4972385	0.6925091	-1.3985486	2.4746177	1.3056096	
1.6874347	1.7030205	0.60848606	-0.6207897	3.2882593	-3.0102272	3.3981955	0.5215146	-0.33295086	1.0470303	1.2261325	0.19178322	-2.5239394	-4.2823596	-0.53421247	-2.019766	-0.17032938	-0.289738	1.367099	-1.158212	2.8841436	0.28719398	1.7624658	4.8612986	2.3288615	-3.1349504	2.5122132	1.4725662	2.7694824	-0.41500124	1.2342254	2.4316578	0.6141122	-0.7909323	-3.7324579	-2.3290071	4.545375	-1.0330372	-1.5943898	1.765027	-1.7770166	-0.8959146	0.36897263	0.32722548	2.7439568	0.5938879	0.2499038	0.731143	3.9777777	-1.0846525	-1.4402398	0.0007551433	-1.0511097	-1.6337812	0.8603709	0.69892025	1.6435828	-2.8507662	-1.9842916	-1.3589064	-2.8762062	2.9686153	-0.4191039	-5.5749207	3.7829137	0.51635844	-2.5300744	-3.226256	3.513502	0.42795524	-0.497218	0.13657326	1.324211	-0.9853122	0.46674407	-2.7759528	0.5054152	1.4379952	1.3155303	-0.66834974	-3.020463	-0.40565467	2.7891333	-2.8227975	-0.08635287	-3.9686627	2.445589	-0.80641216	0.4167129	-1.3849338	-0.7971277	-0.12173009	-1.3807148	2.250416	3.3986378	-5.7396393	-1.4742322	-0.13132088	1.6231717	0.22444788	
2.4298503	1.794662	3.67228	5.2661204	1.8942167	-2.1079316	0.799686	3.8244367	-3.742425	-3.8729491	2.5537417	0.1086919	-2.3242521	-2.9469802	2.2695854	-0.16895159	-1.4100685	2.2097285	-4.4014454	-1.413866	3.81458	-0.18659417	1.7353041	-1.9078009	2.294351	5.222149	0.33112663	-1.810139	-0.5789089	-0.06403481	4.827533	-0.033441894	3.4177685	-1.8031629	4.4764977	3.5514553	-0.48207775	-0.51598513	-1.8620157	0.7038209	4.6601667	0.6635854	1.5609654	1.0410988	4.428119	-1.1851857	0.0032674524	3.1267507	-2.1321483	2.7290423	-2.1034184	1.2873796	-2.306599	-2.9860704	1.3826243	-2.4916415	1.3517034	0.93084085	4.37318	1.1597325	1.7580283	0.48269182	-0.29706705	0.6724483	-3.322339	-1.3775254	3.616152	-0.061809905	1.0008467	2.0921104	-1.0105338	1.3580803	3.187644	1.2531353	-0.36154228	-3.4669867	-2.6664572	1.0253841	-4.076071	2.6634097	-3.3878238	-1.0491085	-0.98837394	0.07724198	0.82817376	2.028449	-0.19798975	-1.6736053	2.260271	-6.3563533	-0.06438476	1.4267424	-0.9375655	-0.2761453	2.9756968	-1.5162313	4.258547	-0.18204845	-3.382873	1.0390028	
0.23603244	1.9792677	0.137858	0.8382613	1.6253976	-3.0242126	-0.5906633	3.4637287	-0.7268117	-3.887269	2.9733322	-5.8250647	1.0570669	-4.3203907	-4.223434	0.81013685	-0.7701181	2.3563573	-4.2311935	-1.1360632	3.6220531	7.452414	-6.0638304	-4.006226	2.4446592	-4.1916366	4.3404903	2.9727743	-0.05105123	1.8111883	-4.1626997	-1.0434443	-0.9457441	0.82647896	-1.6554796	3.0750432	0.9305435	-1.9400401	0.410042	-0.0868388	-2.3121412	0.5005259	2.9096315	2.591291	-4.295579	-0.58002114	-1.5558774	1.3975929	2.039476	2.677153	0.4065065	1.0287962	-2.8208196	-0.6776413	-0.3463232	1.3985429	-0.48860756	1.8517624	3.1746657	4.3061037	0.7645156	-5.6557517	1.4657873	-0.07666521	-0.16625333	3.8651483	-2.8513913	1.35007	-0.122886285	3.8352258	-1.9577551	-1.680924	2.1741755	4.121484	-4.009677	-0.5681803	-0.6408	-4.945434	-0.0416925	0.3598052	2.3939874	2.4975355	3.12179	-0.84562063	0.47900292	2.0123196	3.0433557	0.58625424	-0.43490648	-0.79047966	-2.3649437	0.47237676	-1.9233223	0.9949358	-0.3273268	-2.3172224	2.8015928	-0.63155067	-1.2496064	-0.8196499	
0.1587396	0.4918837	-5.5958676	1.2850084	-1.2093804	-1.3112762	4.8263273	2.772626	2.9099972	0.70705545	-1.1337653	-5.2128716	0.9950285	2.8964467	1.0381984	-2.0322669	0.055245295	2.6190462	0.105965294	0.16804484	2.9278476	2.7501388	-2.6629963	-5.282319	-0.14265221	-3.8221512	1.880145	1.2144823	-2.2491574	-3.6629472	1.4164708	-4.0958886	-0.84094894	-3.4089606	-0.22603765	3.232351	1.3591104	0.72712225	-1.1045929	-2.0528932	1.5454271	-6.178399	3.6621299	-1.6365851	-0.12043577	0.68538	-2.0482378	-3.6970892	1.3883799	5.196752	-0.4147111	-0.23391458	2.0806262	-1.702206	-4.596301	2.043239	-5.0816817	-9.332621	3.488197	0.8342083	0.5370525	1.5537739	-2.4498122	-1.7082357	-5.1354413	0.9797809	-4.6606364	3.438968	1.5813223	2.6953433	-2.6102993	-1.1049621	-2.329727	-2.7476106	-1.1665096	2.1994913	-0.86497927	-3.0705445	3.3262842	-5.8885765	-3.3261836	1.5858942	-0.86178976	-1.6402408	3.9593961	1.6578667	-1.0042194	2.0167928	1.11887	1.0544927	-0.62163556	1.9540812	-1.8576835	-0.52912265	-1.0776814	-1.4783701	1.2508487	0.29264513	-2.7874892	1.247846	
-0.6001511	2.0983746	-0.16163589	3.2413645	0.84007955	-1.0370163	4.3116455	5.3402147	3.8134525	-0.11839805	1.1816494	-6.8728557	-4.870057	-4.7288213	-1.3007722	3.2374902	0.710794	0.37708727	-5.176259	1.2086741	-0.30032533	0.55057096	-2.202559	-1.8602391	-1.0737972	-3.227071	1.6299307	2.1384506	1.2883556	4.3280697	-2.7723541	-4.531542	1.1364241	-2.7792664	-1.0943812	3.7560666	0.24199402	-4.1096144	-4.089014	3.2291121	-5.8310447	1.0230111	0.27508277	-2.1109605	-0.09974284	3.3836808	-2.233878	1.0418241	3.5182726	-0.28768343	1.8704407	0.3963831	-1.9164097	-3.526743	-3.4715166	0.5340402	-2.0941293	1.9307531	0.6218688	1.4376111	0.19684812	-3.5902762	-0.030272052	0.033435646	0.5207165	1.4956201	-0.30029818	1.4197869	-1.1369531	0.97240394	1.6812342	0.018609056	-3.4076529	-1.2681736	1.7679354	3.6560268	-4.652686	-4.199458	0.37363884	1.1900494	2.6545322	3.8602831	4.1751404	-1.976126	-0.20907722	2.324272	2.5783114	1.5217202	0.044239204	0.20840687	-3.7435143	-0.111172155	-0.7948068	1.0635023	-2.665438	-3.7029414	-1.8682055	-4.5666623	-3.7142613	-0.40996614	
-0.2092634	-2.8819828	1.5514109	0.23571727	1.902029	-3.4332259	-3.5797882	1.8646986	-6.789893	-0.66171837	-0.45176396	-0.93200254	0.8073457	1.7555094	2.9917765	6.644178	0.13215652	-3.2233844	-2.112984	-2.9405732	-0.6890532	-0.2945044	-4.0955753	-0.14549313	-3.3978107	-2.1312451	0.09956895	-0.87062293	1.2268208	-3.9030576	-2.4147975	-2.5010426	2.7353065	1.6883826	-1.5547106	-4.074014	2.2760706	0.42425504	4.3310504	1.533801	1.659952	-3.6099577	0.6245548	-1.2310505	-5.4966383	-2.134647	-3.4145672	-4.6548324	-1.1654758	1.7523549	6.0189123	0.5635084	-2.1663723	-1.3436835	-0.16236442	3.5031374	1.408109	0.8900142	4.228655	1.6412697	3.498339	-1.9543915	5.543694	1.2856351	1.8708808	-2.3084674	0.81065404	-0.2556874	-3.3029377	0.5606799	2.0610983	-0.0005659495	-2.9777658	-0.3120844	2.3348298	-4.4740114	-0.6791628	1.3477154	2.0492675	3.463608	3.061854	2.6075203	5.540401	-0.14895676	0.91737664	-0.25874165	-1.3778561	-0.39694703	-4.559476	1.6744348	0.46823367	-0.85371006	-4.286107	-0.6429574	0.29173806	-1.1355948	-0.5737659	-0.8035062	2.4848025	-0.9075902	
3.7240474	-0.879268	-1.9487686	2.9745455	-4.957838	-0.21907185	2.6948457	-2.493308	-2.7685313	-5.5525823	0.8411201	-0.8220577	2.1123974	-3.2032838	0.87635946	5.2468553	-4.4651427	3.9927251	-3.9068387	-3.6070685	5.083743	-1.128623	0.17680016	-3.1837468	-1.0498145	-0.34859288	1.9902699	2.804001	3.4681156	4.044149	0.12102691	2.4463158	-1.6183871	2.3141143	-2.0826366	0.86230487	1.8537668	2.9024942	5.224703	4.189699	-1.6609553	0.9336243	-1.015134	-0.3219174	0.14420491	-0.034226704	-5.4548736	1.2602797	0.352991	-2.6601582	1.916571	-1.3844438	-0.82501155	6.184181	1.7835382	-3.5366855	2.934666	1.0673082	5.143968	-2.434502	-1.922991	5.82117	-7.091711	2.8708663	2.9467137	-0.7442473	5.550292	-5.597743	-1.2575846	-1.3931231	-1.6751924	0.42143986	0.13926291	2.4828675	-4.4547	1.1431603	-0.73142934	-5.074157	0.9708239	-0.77575487	1.4070238	5.6679134	-0.4169175	-6.632507	2.4310424	3.0846026	-0.40622333	0.8839844	0.11867377	3.884383	-5.7131877	-1.2857777	-3.4671416	2.9126852	-1.8018163	-3.534752	2.8274727	1.6981137	-1.8675879	-5.2236543	
3.5216544	4.5006948	-1.4284359	1.6105881	3.107788	1.2954519	-0.1281327	1.5553917	2.0183547	0.23752157	0.3770935	-2.8632748	0.691873	-1.3862016	-2.87167	1.2605406	1.4121603	0.15611146	1.2667524	-7.864593	1.101926	-2.927141	-0.61821383	2.4305668	-0.16407849	-4.2193904	3.4798923	-0.8919448	1.6128372	-0.25208405	-0.43999758	2.0896056	0.52854186	0.3956744	-3.4673593	5.1315675	2.0212026	-0.63083905	-2.2719302	1.4780388	2.791325	-2.0977905	-1.1099651	-0.7661681	-0.07909226	5.8352947	-1.6041039	1.7124753	1.8850176	-1.543603	-0.7696452	-0.31880927	0.4079583	0.47205147	-0.4452105	-2.2651873	-1.4700001	-0.03688563	4.92674	-0.3915115	3.5499663	2.5981112	-2.4178205	0.2532899	-2.7271578	-0.0064346446	-3.0199063	-0.4241656	-0.70149136	-1.7815778	0.04055248	-0.61151004	0.1017781	0.79688513	1.5350399	-0.9434818	-0.39683497	-3.208825	1.5742085	-3.7779531	-2.0527763	0.7878969	3.1100917	1.8088517	0.7914317	-2.9233823	1.421189	-1.737991	4.9640837	-1.1640583	5.695986	-2.3531983	0.47588927	-0.5563889	2.438568	-3.5832229	1.4792745	-0.9416916	4.851995	-0.056925796	
1.2327826	-6.1826305	-0.983164	-1.9692479	5.641202	1.3759261	1.0972828	-4.4753766	2.8757665	2.4369774	-0.3421475	-0.2011757	-5.555563	1.2893658	-0.43547806	5.516133	-5.036944	0.07467487	2.0568507	1.252473	0.84710264	-1.471158	3.6273286	1.5533344	-1.9390757	-5.7381306	6.9609375	1.9264623	1.0059226	-2.7078333	-0.19908498	-4.39944	5.2781053	0.61643976	-0.79152733	2.774803	3.0851772	-2.2470737	1.6122061	2.2523224	-0.6788847	0.6524331	1.0228025	-2.5997505	-0.9254316	1.5422649	-2.8643746	2.2746727	-3.6439614	4.056431	0.016238414	3.7848961	2.37338	-1.0686905	2.4995425	-1.3605132	-3.9925103	-4.1580396	3.7200081	1.9955622	1.2536376	-3.6150098	-3.2850041	-7.3596416	4.2405276	1.8532645	1.1089405	6.545382	-3.7581105	3.5557904	0.38958138	9.01088	2.2287169	-1.2975401	-0.7420467	2.223891	-4.937549	-0.9683163	3.7029524	-1.5007739	-0.83863825	2.2923703	-0.71528673	-2.8895838	-4.5225234	4.0653343	-1.9671805	-0.7009824	-1.2705047	0.38057446	-0.962636	2.8979092	-2.101231	-5.069269	-1.2121172	-2.1853485	1.7306238	-2.3384607	-6.3075776	4.0692406	
3.224029	0.4221495	0.92091477	-0.045409538	0.11649015	1.5871444	-0.30800465	-0.9473821	-4.2676024	-1.7461826	3.4364715	-0.67163897	-0.9058469	-5.2365136	1.5254838	1.4667908	-1.3218784	0.6368524	1.3730241	-2.0242436	-0.23284444	2.438338	-1.1526403	1.042559	2.9961812	-1.5081785	1.4610344	-1.8313174	-1.4995512	-5.1666365	3.0114803	-2.516389	1.6244245	-4.3089867	2.7178767	7.2903047	-0.06756801	0.25276288	-0.71982706	2.4724991	3.9399815	-1.99933	-1.5951622	3.0500867	6.446466	-2.7519116	2.3430464	1.752867	-1.8460412	0.71924615	2.9940038	7.304495	0.19772713	-1.0182906	-0.9574044	-3.4716926	-0.119140774	2.6683242	1.7207695	-1.9123267	5.4561615	-1.115768	-0.78400636	2.876055	-0.9481169	2.7885535	-1.2023939	-3.4422047	0.9335402	-0.88864934	1.0772661	0.39061987	-3.8005924	-0.69354004	-1.180624	0.7421998	-0.23062466	0.6880675	-1.693987	4.5308785	3.7201736	-1.3210338	0.4723	-4.3770566	1.7575227	1.4521071	1.6747222	-3.8566391	2.4289758	-1.2778466	2.2871523	0.9171189	-4.874507	-2.5824468	-1.1034217	-0.36174145	0.1382609	2.1590042	-0.83866954	1.6335642	
1.0267785	3.5053766	2.668476	-0.9578173	-0.67855763	-1.2172539	0.94058645	-1.1220355	-0.7543068	2.152719	0.4705693	0.08845139	0.370359	-0.31411323	-3.2734656	1.0136894	-1.1095471	0.5128382	-1.1899981	0.7485011	-0.47446558	1.680999	-0.14268531	4.4730773	2.448753	-2.1145067	3.128653	0.9835915	0.28092268	1.4166601	-0.20152402	3.5894494	4.098439	-0.44435242	1.2361827	0.46954882	3.005891	-0.91937655	-0.15127414	-1.2057254	4.6213846	-1.1373628	1.176708	0.40855175	-0.60299736	0.6605789	1.1108665	-0.12910597	-0.6156332	-2.385694	-3.7298203	0.46893364	-1.7250894	0.2289483	-1.3179978	1.3800902	2.985955	1.1954672	-2.7442217	1.5639886	-2.908733	-0.39446226	0.44961023	-4.9071126	2.9063127	0.4840065	-1.9565977	-1.6424818	-0.26860148	0.703184	2.23154	0.29189488	-0.1371998	-1.0488745	-2.6326802	1.5538344	0.16272266	1.0001932	-0.46723956	4.3965316	-3.30948	-0.80660135	0.2642587	-1.2002041	1.4997326	-4.287445	-0.87313217	0.16894166	0.7505933	-3.424211	2.031583	1.3529948	-0.6703253	-3.0413032	3.4235566	-2.1852303	0.5797869	0.56441146	0.82544136	0.48813787	
-0.5640573	2.8578236	1.4504045	0.6895077	2.0156505	-1.5682445	1.5037235	1.2917372	-1.0238808	-0.18798018	0.45896664	0.7209936	-0.39145264	1.058872	0.791603	1.7427046	-1.0694913	3.612129	0.69049305	0.1648376	0.92851907	1.9570007	2.0518093	2.5022223	2.3541064	-1.0063417	3.026545	-1.1546814	-1.9713254	0.49625987	1.3813819	2.846345	3.6395996	-1.7360753	3.661242	1.4808153	0.41275436	-0.6501159	0.90507585	0.9951623	2.6369994	1.5317924	0.47863254	1.7019135	4.9943147	0.60622877	1.9994416	-0.4802413	-3.7043598	-2.2804782	-4.1190042	-0.96357304	-0.88331264	-3.9959385	1.1246603	0.42789847	0.5661268	0.29101917	1.4619932	1.3549968	0.89632446	0.79289407	0.39733163	-0.10067574	0.45222282	1.3198732	-0.85116506	-0.33030704	0.86901766	1.6863008	1.0533574	2.5397048	-0.20174189	-1.5660045	-0.786669	0.64542055	-0.71559143	1.8028274	-2.765148	3.0984473	-0.3438238	0.13939597	-1.8765373	0.31631666	1.7829868	1.6522999	-2.779408	-1.2787409	2.0136487	-4.241	1.8282495	1.9052994	2.683771	-2.03197	1.7796624	-0.06644698	3.1092536	1.8920673	-1.9995217	0.60629183	
-1.3287485	3.363306	1.1952163	-1.2255996	2.7817328	1.1750623	-3.6362011	1.7747875	2.0871189	-1.1961892	1.31135	-0.016764175	2.4779787	0.7033476	-3.1534774	1.2204072	-2.6226127	1.9785473	-5.602828	-0.806365	0.23592858	0.8281048	-1.1969663	-1.0279529	-0.95252985	0.21780777	-2.6082625	-0.8528366	3.3561618	-1.826359	-3.7125607	-0.32044584	0.25443253	-4.451441	-0.9992385	4.6707	1.0763098	-2.4914198	-1.5390254	4.1411033	-2.6539977	-0.9433061	-2.469798	-0.3467706	-0.029236963	4.572932	2.003937	-0.6817847	2.5152736	3.8230906	0.9996709	-0.043111604	1.6963826	-4.310496	0.20466144	2.2214718	-0.19179949	2.3700674	-0.021942118	2.705862	-2.3755593	-4.560841	-0.2193621	-0.5260469	-1.02427	0.08668953	-2.1509745	1.0561031	1.4957542	1.2741591	-1.2219678	1.5398791	-2.2485516	1.58398	0.7721366	4.8402925	-0.13724206	-0.5432132	0.8015863	0.114940874	2.321471	4.777099	4.3864794	0.4705196	0.61057276	0.31565508	0.7601764	1.7307209	0.9046709	0.39078236	1.7130605	2.0642595	-2.6666148	-4.3787813	-1.5025837	-3.9147964	0.25201306	-1.9940444	-0.61817455	-0.08210065	
2.011616	-1.9139093	-2.1193304	3.50949	5.992381	-0.34458813	-0.4021839	-5.604636	0.2552913	-0.6893449	-0.21096405	-0.62176746	-3.6919193	3.94814	-2.0672483	3.168598	-7.0016155	0.91771394	-2.2753186	-2.9191027	0.4662634	-3.376994	-1.5589893	2.3617222	-4.8248634	-8.624596	3.2461987	-1.0378994	-2.5731897	-1.8324783	-4.1589627	2.3440044	2.8655424	4.064739	1.0424662	1.4496859	0.41089424	-1.1580491	3.1115422	1.8718182	0.7300366	-1.3424864	2.5901887	1.9085047	-0.8297843	1.9254518	-1.1641961	4.4428506	-0.85036767	2.8136137	3.5645568	-1.2064755	-0.3267797	-4.33086	3.8927002	-0.6362876	2.0047657	1.4327238	-4.132098	-4.0140276	-0.34515944	2.0248368	-1.3564734	5.7715263	3.254819	-1.0200049	-5.5503902	0.8390777	-2.8478618	-3.87443	1.8459566	2.0897603	7.9679503	-4.9144106	-5.8849463	-3.4671311	-3.574647	1.4027575	0.14405897	1.0557227	3.5526826	2.8159113	1.8020991	1.6301411	-8.5367985	2.9780767	-3.5323377	3.7214816	-8.05459	0.04054291	-0.115970775	-0.49618858	-0.868252	0.6425311	-4.38323	2.6471815	-6.324565	-2.8268108	-4.4576855	-2.1175294	
-0.12883398	-2.619321	-0.4970014	-2.18489	-2.1852298	-2.5372195	-0.6533963	0.5332586	1.8471216	-0.5525603	0.880962	-5.1705785	6.018817	0.8579558	-2.2988758	-5.2036123	1.8924837	2.2390587	5.306739	1.5795298	-1.3893431	0.43720207	-3.7558315	-6.8811994	-2.7122421	0.91659945	4.443632	0.48053753	6.0843177	5.334522	-1.4903008	-1.5036715	0.38576666	-2.221261	3.0916188	-0.12672977	-0.87693447	3.3724248	0.48280835	5.4711337	1.1291295	-0.72659105	-0.49022457	-2.7869306	-0.29405445	4.1844935	-2.8642802	-1.1259302	-2.6844668	1.5322442	0.23818465	5.550042	0.8038917	0.98253465	2.7893717	2.5387764	4.478662	-0.22486435	-0.614705	0.855518	-1.1429753	-2.1871395	3.0547738	-4.77103	2.775532	-2.236548	3.0591624	-3.854602	3.0122547	0.07224589	-0.61033785	0.41402823	2.1806457	-1.3520334	1.1809751	-1.0545281	-1.8247507	-5.0609555	2.0787227	1.0867664	5.923556	2.2735684	-3.006096	4.563859	1.5262136	-1.6163442	-1.0996485	-0.46746114	1.3824888	-2.4252744	2.1205304	-2.0967438	-5.61347	1.561494	1.6564939	-2.6126196	1.4664285	-1.1374589	-0.5632044	-2.3737452	
1.5633836	-2.958067	-4.164514	4.0380993	-5.8361816	0.599701	0.6019282	1.5832996	-0.29690933	0.4309888	3.3161433	3.8142247	3.131236	-3.0468752	1.3884689	4.297465	1.4860625	-2.3180358	-1.0548849	-0.85653806	3.5558293	2.2075112	-1.4242947	-8.056168	-3.3570273	-1.1248176	-1.0423585	2.1779673	0.7861349	0.38888234	-0.58950603	0.9917819	0.9733101	-0.7094352	2.688482	-8.317305	2.1176329	5.881522	7.3717537	-2.2020884	1.3447547	0.5166733	4.116307	-3.464985	-1.1928486	-1.7683002	1.7239392	-7.4571958	-5.164767	4.93634	-3.186327	2.0955398	4.380179	0.069664076	1.5290207	1.126548	3.8875518	-4.4948125	-4.468099	-3.7981775	0.53504324	6.1896486	-6.625309	0.14854631	1.8731052	3.6918385	-7.2967043	-6.9847984	-6.1886296	7.058561	4.2418203	2.4779446	0.7573031	0.5295695	-2.732265	2.1157055	-2.205621	0.41055006	1.0203525	3.197025	1.1768906	1.5934352	-2.5139585	4.2490325	3.814298	-1.7792109	8.146628	-3.791996	6.422298	3.9131875	-5.127359	-7.190553	-6.380032	5.1275597	-6.843426	-10.970816	-5.0748453	2.4032626	1.4208632	-0.28056043	
-5.3482437	-3.8214412	-2.7266212	4.0948596	-2.2847435	-1.8954352	-3.3234642	-1.242278	2.796729	-5.08505	-3.3738308	-3.0936408	-2.4730372	0.16030584	-2.3820696	7.209764	2.7082362	2.396494	-4.4816084	7.921854	-4.1394734	3.4344668	1.9224509	-0.39291573	2.6090655	-6.217575	6.856746	0.23275082	3.0490127	0.38476837	3.3668547	-0.6396227	-1.2997793	1.6953858	4.563062	3.8492255	1.8993573	0.960523	0.27262852	-0.80411756	-3.2876136	-0.9378626	0.60833174	-0.17299242	-1.5718063	-1.0470581	2.4835317	0.05272588	-1.908627	7.614167	2.7612188	-1.5965275	-1.5133039	-5.0317707	-2.8821518	-1.100279	2.9531984	2.2358277	0.45141745	-1.2930961	-3.8800273	4.05491	-0.08043896	0.007397182	-0.730968	2.474149	1.5038081	-0.8254364	-2.0371394	-2.7480483	3.59934	-1.8508376	-0.3102508	0.23437564	-4.210893	0.51782286	-0.9993578	4.2333355	2.3252838	3.5525787	-2.4799454	0.7228245	-0.42847422	-3.965621	-5.541397	3.3764977	4.6168313	4.7346096	-0.8299655	2.7189777	-4.9062533	0.43553704	-1.7834626	3.4024546	-7.066071	-5.0394177	1.0246001	-1.3293233	0.3110804	-7.4766746	
2.893949	0.15431602	5.048107	1.1846703	0.004091798	3.6085775	3.4875326	-0.4009005	-3.1872034	2.689265	4.9364843	-0.47723773	2.6588461	-4.16956	-0.09473174	-0.29110256	0.22636333	3.215974	3.0430095	1.630507	-0.042507388	0.4353901	-1.4253486	-5.6491275	-0.026824918	0.13970514	0.9660096	0.36114654	1.3097258	-1.2852559	-1.781065	-5.8059053	-2.474005	-4.050023	-1.8931092	-2.4107924	-2.3421073	1.5675229	-0.87865245	0.5955985	-1.1980671	-2.0551324	-1.7081808	3.511486	1.4117391	4.1969905	3.7138069	0.5642576	-2.5831425	-1.6016616	1.2220225	1.2616901	1.9683007	1.5365992	0.6428666	-1.6047688	2.3755991	1.2176659	-1.6882781	-3.5504844	-1.0814053	1.3596294	-1.1246055	1.240044	-1.5581154	-1.4760202	-4.6859574	2.585056	1.9461428	-1.2382302	1.5206289	-0.19622928	2.2811875	-1.1045868	-4.5867023	1.0753511	0.6509279	2.5372877	-2.4130723	-0.13579968	1.476765	0.597062	-3.331628	-0.6823299	-3.9002414	-2.491454	-1.1802633	-2.6206827	0.8879163	-1.8570262	-0.54343086	1.3095119	-1.0061013	4.432319	0.36227372	-3.386731	2.241078	3.567591	0.1944595	2.4062867	
-4.182905	-7.28704	2.1013472	0.34765464	4.644448	-2.334605	2.9377036	0.9326261	-3.753596	1.0484418	-1.1681948	-2.5312965	3.285602	-3.0092967	1.2807478	-1.8472562	2.3414757	2.231621	-1.018693	1.2385234	-5.719125	-1.1846775	-2.1554778	-0.03737533	1.414886	-6.276463	0.4000664	-0.47551996	-0.7714543	2.137479	3.4774063	-1.0296361	2.4815202	-3.064734	-2.0532668	2.2276044	3.8135903	2.581423	-3.278535	-0.29736435	0.9678512	-1.9115767	3.4418616	3.350413	-2.4550421	3.1774602	5.8112283	2.327373	-0.834277	1.5496029	1.6627115	-0.21166797	-2.7259989	3.3220787	-0.77416986	-4.9153543	-1.5670902	-0.23363255	-4.9239173	-1.8818601	3.9757588	1.4085255	3.9378784	-1.1226225	2.3046076	2.1027281	-0.41441086	3.2204738	-2.2077658	-0.76267344	3.0265417	2.3448062	0.81825125	-2.0693195	1.2914423	10.120293	1.133876	1.3243833	2.238026	4.478797	0.6719734	2.5068636	-7.362373	-1.3323365	0.61931086	-3.071471	-1.4326152	-0.7480231	-3.3281355	2.359132	0.34165162	-0.6917707	3.4409578	-0.45887303	-3.3726172	-1.9956403	5.4217973	3.049992	-3.3791468	-3.0269766	
2.0123534	-2.7086444	1.3148658	3.9796376	0.5335269	-0.92555124	0.8998839	1.0708835	-1.7050432	-1.3004187	2.165696	-2.1264849	2.1237104	-1.7713225	1.6762958	-1.5859326	0.48861742	0.7701766	0.7601443	1.2733486	0.7113044	-1.4436836	1.3449935	-4.3326874	3.2787254	3.608343	-2.4036636	0.62120295	-0.4680145	2.0376272	2.6848812	-4.0303497	1.6860226	-1.1128316	-1.9718658	1.5199465	0.6608757	-0.91724604	0.5639798	2.651828	1.8748206	-1.3547359	2.4588952	-0.59019125	-0.47758567	-0.87919426	3.172873	2.0750332	0.27186742	-1.2141153	-1.6587924	-2.3999627	0.23972395	-3.5277624	5.137287	-4.0355477	5.230586	-0.40644532	1.7429038	2.258634	-0.16379325	-6.2211337	1.1509228	-1.1332515	0.08660436	1.3108462	0.9264953	-1.9443429	-0.74307853	-4.586716	0.7190112	-2.1980078	1.1229033	-3.8714762	-1.1986079	-0.22452292	-3.157794	-3.2708168	-0.87442905	1.8494507	-1.1703894	1.4550114	-4.8783245	-5.2887344	-1.0644473	-2.2606902	-2.5063612	-3.7303648	-0.73650706	-1.7760816	4.363935	-2.2291923	2.0829942	-0.5204682	0.99384046	-0.2968838	1.8057674	-0.1421389	-2.6069283	-3.40717	
-1.552673	-5.1984525	4.758668	-2.414587	5.4402685	7.8418508	-0.7398608	-6.397239	-3.4662945	-2.9532223	4.6841197	-4.903791	0.0766917	-3.4979262	-1.5445236	2.1227014	-4.1436787	-4.5198746	1.6980425	-7.7199955	-7.3707714	0.933902	-1.1336845	0.06951885	2.7292032	-1.718016	4.135318	1.7823241	-0.83498615	8.613862	-3.7328732	-9.51917	-0.4277224	1.7499	4.389865	4.1700306	2.1513765	6.30281	1.1468655	-9.651461	4.3381915	-2.6623385	5.522931	-2.753092	-2.8635683	1.7152354	1.1852733	7.775393	-0.04354343	3.8682554	5.062386	-2.2943423	-0.6241211	2.245424	-0.26219898	-0.22579667	-1.2717762	-2.6709056	-7.379872	-6.4573483	-3.810935	2.0823247	1.3042521	0.99767625	0.9940358	1.6795474	-2.855187	13.877301	-6.0565333	-1.0962539	8.533036	2.1619542	2.6322062	-2.0621264	1.7431084	-2.278136	1.6885923	7.400296	-1.0205759	0.7563036	-2.210235	-3.2401838	-4.03986	8.774423	-5.82216	0.061516892	-0.9842805	1.0004159	-2.3790753	4.674239	-2.6127744	-6.3387074	6.7222066	0.9322005	-3.932222	-4.5445466	6.3360014	3.491959	-3.7239523	-6.2165227	
4.43118	2.206278	1.0778469	0.5551704	1.6116563	-0.34506837	1.5893656	-1.4084285	1.617789	2.924616	-0.70110697	0.18299812	-1.1732733	-3.6594994	-4.6502852	2.8212383	0.85989213	0.6044533	-0.760599	-1.2619569	-0.020650629	-1.1363912	0.06899727	2.4314642	2.1404595	-2.5249498	3.0343244	0.7789987	-0.7716492	-1.240095	-0.5275869	1.9256611	2.0730348	-1.2829729	-0.56948966	-0.084620304	0.5441034	0.36328483	-0.028153736	-1.1635813	-2.2590084	-2.0340943	4.2642174	1.4429032	0.9679554	-0.09056265	1.4544268	-0.54735047	-0.75484264	-1.6072088	-5.054415	2.1300354	0.12768199	-1.6249815	0.586034	3.2502692	3.0206077	-0.7330166	-0.55633765	-0.7232246	-0.7435982	2.1695356	-0.7032017	-3.0491455	1.2204261	-1.4735543	-1.0065452	-1.1445454	0.9661808	0.57980245	0.27126798	-2.3436286	0.12975359	-0.16049455	-1.3388983	-2.1187513	1.4833493	-0.6643428	1.7352701	1.948054	-2.7545183	-1.4035745	-0.52209485	-1.2010669	1.2664512	-1.8598211	0.8751047	0.1074918	0.5942533	-6.862945	1.7432177	0.63194984	0.24638076	-0.50040644	3.3889685	-2.9961078	-0.20316301	0.13596301	3.4902003	1.1860827	
-1.1965519	0.91189617	3.509628	2.923721	-1.0530621	1.4247327	3.0165	-2.937296	3.9467487	-2.2110033	5.012994	0.93231446	2.9203079	3.8075185	-4.8867464	-0.6754135	-3.316167	1.9455256	5.3765607	1.3714503	2.8145294	0.24499765	2.8945582	-0.18175057	-3.096855	0.56203043	-0.56458914	-3.025818	2.8315055	4.825665	2.8350186	-4.8765464	-1.6750385	1.3718351	0.3669308	1.525402	-2.7018452	-2.5260773	-1.0197033	3.2891974	2.6679375	-0.82665575	-0.77759457	-4.719851	2.2911632	3.74647	0.76613635	0.47745022	1.0987452	-3.9647305	1.0701858	-3.4868245	6.477873	2.1785643	-2.1847765	0.7781981	0.44538516	0.7704659	-1.4476331	-2.3180623	-2.8606524	-2.458575	0.0130371405	0.26254448	0.528333	1.8499744	-0.51382804	-2.8286703	0.4850082	-2.6269608	3.393693	4.756675	-5.3165746	-4.7480826	0.7362164	2.4204946	-1.2998054	1.8739169	-5.3076706	4.136817	-2.1218295	-0.38567752	3.4606576	4.0350213	3.2540126	2.1021457	-2.910811	2.5970407	-1.9508507	0.08233256	2.2040768	1.0810808	-3.4852586	1.8803265	-1.4204103	5.357217	2.4652047	-4.0130396	2.0299475	-3.2363596	
2.3767323	-2.9885633	0.81599426	3.3469827	-1.1065112	-3.9923134	-2.779064	1.5851738	-3.9224966	1.662584	-0.52288216	-0.75176764	-3.2204885	-3.5876122	-0.30438146	3.2992918	-2.885012	-0.19924352	-4.861327	0.043291405	5.026489	2.7330463	0.22259223	0.92034864	1.0016177	-0.66767484	-3.8970096	-4.873399	1.1355184	-2.528233	4.034789	-4.865119	1.180692	-5.092798	-2.3162174	2.251038	2.3758435	-2.3186166	-2.9827654	0.70541394	-0.693718	-1.4516177	-3.580377	-3.2971048	-4.0728726	-1.4512156	-3.764377	6.3257494	-3.4352741	7.4880943	2.163481	4.0321293	-2.554596	-3.1713	2.510357	3.4294064	0.6291005	0.21773945	-3.1952386	3.733409	3.1297987	3.5004363	-3.8256357	2.6927059	3.6238034	2.6368563	1.5537685	0.16524473	-2.8295493	-2.9178789	-5.343502	-2.6880815	-0.51582414	-1.8519632	1.2438095	-1.085915	0.4732011	-1.7184137	0.006552104	-1.9814181	2.5174217	4.4295635	4.590125	2.3536634	3.5421197	0.13531967	-1.5995947	0.8091632	-6.528065	0.48406753	-2.96153	1.5500469	-2.1229517	1.547738	-0.7246195	-3.2261753	2.6893282	-1.8822942	3.7600484	1.1648014	
6.4845524	-1.7156554	3.1783514	0.35010526	-1.209323	-1.94399	1.5160726	0.3838498	0.9030692	1.1508485	2.3449583	-4.164778	0.5054803	-4.9794726	1.4668728	0.7352725	0.45427066	-0.10242198	-0.86578906	1.2140706	-0.20279741	3.0806313	-2.1856704	-1.8472323	1.328371	-2.424084	-0.8430729	0.7382225	5.3586254	-0.44099423	1.1318642	-4.263692	-1.5588858	-2.255637	2.7081056	6.540864	-0.08725307	-1.6360441	0.14761469	1.456242	-2.1482508	3.769095	-6.019031	0.7604367	-1.2535871	-2.1807704	0.816273	-2.2666805	-1.3042604	1.3049655	3.5781455	-0.6310533	-2.3132086	-2.6119237	-1.3987516	-2.5468504	3.7415488	-3.1502476	0.9444784	0.23569925	0.6945905	-1.739449	2.982051	-0.7837025	0.93730605	3.6415393	-4.7027016	-1.613595	-3.774868	-0.11723158	2.292695	-4.1026983	-0.64312786	-1.3163941	1.022685	-4.425036	-0.8077744	-2.6417558	-5.8663507	-3.367023	1.9852387	2.3734827	0.4921106	-0.46094665	-4.580033	3.8178833	-2.121327	1.514093	3.2334714	4.5590205	-3.5209064	6.5254254	-2.2504132	-0.29428795	-6.35568	-4.797156	-0.7044357	-0.44028622	-0.3904698	6.07617	
0.082844794	-1.3856744	-2.181297	2.086642	-2.0229657	-0.72614104	0.524177	-0.06964519	-1.1331294	2.9432397	-0.103664786	-3.6671371	-1.3944466	0.7142304	-0.16312867	-3.366703	-0.086319864	0.95001376	6.054459	-2.4317424	0.7247621	3.7957058	0.033024307	2.3873048	-3.4392424	-3.0757089	1.5114958	-0.34393942	-0.94130063	-1.7694829	-2.1445122	0.7639886	0.57087857	-0.7502956	-0.38054043	-3.6451085	-2.784444	2.0106595	-1.4402845	-0.14435576	-1.6557014	-1.2809716	1.3257271	-2.3215594	1.9159776	-3.562956	-2.574334	1.3839499	-0.13484024	3.1333673	1.2342918	2.5961246	-0.21491408	-1.3246348	-0.9325687	1.9645375	4.3074193	0.47359318	0.3067725	-1.7386346	-0.69079465	3.869597	3.1749015	-0.47982684	3.5084152	2.9322524	-2.2449288	-1.5842202	-0.2313126	-0.1040031	4.7328224	0.76428264	1.4063125	-0.68372613	4.0649567	1.692622	-2.683136	-2.696774	2.6651623	-0.5518933	0.30871272	2.4398434	0.6421806	2.5602498	1.6864005	-0.361415	-4.304853	-5.273961	-2.0558732	-0.86663055	-5.232488	2.385317	-5.7870693	-0.54187316	-1.4486521	3.1407566	-2.1026886	1.8742449	-1.2493616	-1.6684852	
5.052367	2.234036	3.217262	2.912388	-1.3685968	2.1220436	-5.8037186	2.6357174	-0.0030380217	0.09211257	0.9287105	-2.6873527	-0.94710034	-1.6773887	0.9197747	-1.7713646	-1.8896097	-1.3831189	-0.6083788	-4.699408	1.3665437	-2.9614232	-4.6093125	-0.35636342	1.540225	2.9496274	2.3288472	-0.86860067	5.45601	-1.5757213	1.8200132	0.7124748	1.4341886	2.8358865	3.1801171	1.967941	2.4995694	-0.9199298	-0.47274646	2.9277618	0.16547346	-3.7865052	1.7387468	5.1283145	0.57269174	-0.5023773	2.6119404	2.5835822	2.723117	1.2115749	3.3133006	-1.5002631	0.8933468	-0.6918747	-3.2683682	-0.62721986	6.1002297	1.1405809	0.332237	-0.80578375	1.6296976	-1.6621892	0.8195607	-4.1193166	2.421714	-1.5996729	1.874737	-0.95966506	-2.3766966	2.0812857	2.9519436	-2.2835956	-3.0168934	-1.0010906	-4.3202577	1.3209674	1.4879385	-3.505176	-0.3323768	-1.2091725	-1.3850335	-3.292743	-3.2180557	-4.6099086	-2.4270604	-5.1267853	-0.7619477	-2.2836568	2.0989385	-0.37496045	2.6188445	-2.3106427	1.4674228	-0.7220158	4.742866	-2.916256	-3.0220194	0.88359696	-2.6520765	-1.712836	
-2.1873562	0.9864398	-3.715674	-0.12564474	1.2592121	-3.1919465	-1.6678847	-0.5646058	-2.402927	1.5925361	0.5037926	-0.5830299	-4.8614044	-4.8279204	2.1530795	-1.147745	-7.0291953	1.5947529	1.4055508	1.096886	0.35104698	5.3965974	-2.8542416	4.681557	0.13054132	-0.07078995	6.2733293	-0.3323293	-1.9204792	-0.64721733	6.309422	0.073809296	0.5062472	2.1597505	-5.6130943	-0.41873023	-3.2527251	0.46492547	2.6939895	3.684656	-2.551918	-2.6874504	-0.06924519	-2.647505	-0.7594904	-0.8418211	-0.52018374	0.72193044	4.9629903	-0.38200602	0.42327762	1.8347075	-3.2957218	-4.6969337	-9.529487	-1.9739146	0.6385211	2.0093184	1.2379444	1.4670198	-6.9875264	-2.1145873	-6.0732007	-6.9025583	-2.703298	2.9675782	5.144713	2.4360874	-1.0500405	-2.4927695	4.058782	5.0099983	4.0209694	4.885291	3.4850633	-2.1895256	2.9177642	0.5928474	3.2339165	1.3914244	-3.8877187	-0.044329032	4.845024	-2.6118383	-2.7875302	0.0074351835	0.83280224	-2.3762696	-3.4703572	-0.1676534	-1.1744143	1.6752533	-1.7314128	3.2393813	-2.5045223	2.817685	-1.5540981	1.8170465	-0.72901535	-1.4344232	
-1.719527	-0.5058502	2.5184677	3.4525802	0.4535537	-0.4703163	4.476326	4.6445107	-5.550992	4.69263	4.0637264	-2.033975	3.973715	5.915356	1.6507668	3.5355108	5.115646	5.2219152	-0.15085892	-0.26805657	0.103273384	2.009421	-6.3705034	2.0479054	-0.45375264	-1.309391	2.9143417	-4.73973	5.378634	-2.3826237	1.5479153	-1.840433	5.0945563	1.1483756	1.6826967	2.9197826	-8.4672785	-4.6461425	-0.24645212	5.808956	4.605615	-0.40111533	-0.99291617	6.408292	0.3684405	-2.0882702	-3.271072	0.44398916	0.34923908	6.1807227	2.2278028	-3.5939088	-3.6196053	-1.7503109	-3.0370336	0.18749227	0.26424584	-1.5070117	-0.9757599	6.1360855	2.2885513	0.43496987	-4.681882	6.8662834	-1.3666879	4.2807727	-7.2394605	5.0923634	1.175792	2.8269358	-0.9041929	-1.4680789	3.4065773	-0.99580437	3.1281412	1.3846403	-4.925841	-4.6241755	2.4801862	-0.8449885	6.3526616	1.8418753	0.5383082	-3.0028818	1.0592893	6.910412	-4.001286	-1.5114183	-0.19755252	6.2175517	-8.246771	0.59095156	-0.7821986	3.8024616	-0.25257146	-4.5095677	-1.3138007	6.7899337	-3.194849	-5.384055	
2.6187217	-1.501636	-1.8153182	4.686369	-2.2710738	-3.997331	3.2149053	2.914318	-4.618853	6.210334	1.8382872	-3.5965025	3.7513378	0.35363805	2.7928014	-2.6514778	4.9255705	2.0525486	-0.71165144	-3.6781778	3.6724148	-1.52215	-7.8842382	-1.9896606	4.0859375	-1.5586125	2.4884787	-6.495388	4.1968546	-3.8284652	1.4571096	-6.1951604	3.3621569	0.26889324	1.5155821	0.9086367	-10.890411	-6.842072	-2.490303	3.6878989	-1.0381399	1.045379	-2.0943034	2.0552042	0.50687575	-1.0216945	0.91993105	-0.7549875	-0.69366544	6.2435884	0.35849985	0.9520262	-3.984868	-0.3478562	-0.3696329	4.4359536	0.799895	-5.5291605	-0.30395523	3.2510617	3.929672	-6.4802394	-0.9477048	6.8369813	1.3810184	-0.729164	-4.89254	3.999319	0.12518838	-4.295464	-0.83019316	0.82743615	-1.3177357	3.697309	3.3594177	-6.225558	-2.3295271	-2.6397088	3.4803374	-1.7132288	7.795296	2.6984434	-0.21945062	0.7967508	-0.9830974	1.8788946	-7.9746833	1.0373049	-0.47487321	8.484082	-5.353024	-0.8424922	-3.2844136	3.4873886	-5.7386804	-3.0293446	0.71676624	0.7297332	3.5450468	-2.7639358	
2.7133632	-5.885117	-2.4913387	5.1311507	-7.118021	1.2955546	-0.77145517	-1.9551289	-2.601805	0.24031416	-2.6320536	-1.1576712	2.5675824	-3.749267	1.8745664	1.9830811	-3.503127	-0.082268625	-3.8742087	-0.8860852	4.094625	-0.07606313	0.6635397	-4.7848153	0.52760804	-1.199661	-2.1074338	3.9786608	-2.2001095	3.835444	2.3439257	3.6923077	-1.1935902	0.7112096	6.157727	-2.5347586	-0.42402422	2.5483463	6.511483	0.3022469	3.8008082	0.99182016	-0.32007182	0.28323096	-2.870026	-3.7609532	-0.35116717	-4.7661824	-4.692094	0.53768325	-2.0995536	0.5247662	4.395746	-0.89712644	0.21476427	1.8227301	4.3128557	-1.2451725	2.0925403	-3.483499	-4.166636	6.888052	-5.263948	1.5656475	0.7464877	-0.15257597	-0.76387364	-2.1550238	-0.61833775	5.1983047	-0.5418261	3.8270502	1.0733365	3.0752652	-4.8148537	-2.0707972	-2.2340398	-1.4622823	0.3108467	1.5271434	0.036519177	4.148146	-1.603952	-0.7898995	2.104474	4.011687	1.4159179	2.4605858	-0.11440725	2.0819066	-5.042582	-2.0084143	-6.691846	2.9864094	-2.8484654	-6.4024034	4.0405083	1.427326	3.4413257	-2.931228	
6.9410706	0.7813032	-0.7931905	-1.092305	2.1429343	-0.8142088	-1.9214259	-0.24625437	6.712442	4.5719666	2.2580843	-8.840332	1.2607273	-2.068836	7.3053203	-1.0082209	-1.3198991	0.39268968	-1.143489	-2.153477	-2.1175315	-0.69259465	-0.76542646	1.4472818	3.8880124	0.33552325	-0.72300696	-1.5407281	0.34204483	4.726676	1.7080467	-2.479724	-0.6735274	3.688804	0.5318621	1.7695382	-0.4410933	4.330914	-3.2348592	-1.6345241	-1.3891258	-0.85499054	-1.1734864	5.246334	-6.3901906	1.3900868	7.9191527	4.0133524	0.35083395	2.5915966	-0.15050182	1.0671301	3.004896	0.11205379	-6.271262	2.3931777	-2.5859044	-4.8666215	-2.2721124	3.79302	1.60289	-0.8947573	-2.262498	4.143022	5.27817	4.841252	-4.463969	-3.6358836	2.3111496	2.304413	-1.7687691	-5.917917	3.3866065	-0.53896695	0.26029408	1.2635952	1.0064714	-0.00017664285	4.188922	-0.5170943	0.7242151	1.7834665	0.6339016	3.4023135	0.8442105	0.9255638	-2.0281281	-2.9191432	-1.5399846	3.430666	0.095302895	3.3929725	-1.7768164	-1.87257	-0.23343232	-2.7958598	-3.5416398	2.703152	-3.1272223	0.8205301	
-2.1050487	-5.499824	-0.43179423	0.78026676	2.1918316	0.6176122	2.9240818	1.4096445	-5.022175	-0.30700117	1.5634112	1.0575478	2.687289	-0.1910136	3.352332	-3.2950642	-1.137336	3.663213	0.8293736	4.7283735	-4.792995	1.6030275	-1.8955041	0.83730626	-0.08291721	1.3319014	1.3198084	5.132481	-3.1559556	-2.1875288	-0.26801217	0.21704115	-0.58577275	-2.854052	-1.0676506	4.3961506	2.264233	5.6138563	-5.284172	2.3090599	3.7360063	-6.483449	2.4559696	4.1211267	-1.1346611	-1.232503	5.4724874	-2.7085574	0.75189	4.270913	-1.1797292	0.5944682	-0.10176551	2.1404457	3.8255436	-4.2619658	-0.2573387	3.0219882	-4.4814053	2.7726283	6.9458766	-2.3655887	2.7703457	-3.7026682	2.0204198	4.757085	0.21496785	-2.8586774	1.3859822	-3.0500655	-2.37585	-1.3412564	-4.093639	0.6495545	-4.5606303	2.6891906	1.5239946	1.5577807	-1.2085594	-0.9195909	-0.45351282	-5.464465	-3.8139849	-4.3958044	0.6111139	-1.1869688	-1.4135183	-0.8958254	-0.08939063	-4.4988427	4.82223	0.60071135	-1.0435877	2.584525	-1.4789875	-3.9508147	2.797611	-0.87860906	-0.46886635	-2.842213	
-2.7155447	-1.92625	-1.4778442	-2.0464964	7.2625813	2.8452036	-2.761729	3.0025334	-1.3143302	2.0009441	-4.0043697	-3.9244068	-2.1960874	0.87783766	3.485481	-1.3952721	1.9209133	1.6752286	1.6639922	-2.1935637	-7.2843637	-2.6216264	-0.53560394	1.5147499	3.6389787	-0.3241297	0.32653278	2.911261	2.719517	4.754432	1.9452655	-7.266994	3.8697577	3.4561262	0.29584205	-1.0763401	-3.6675713	2.8427544	0.82711697	0.886833	0.5317262	4.892379	4.4411874	0.07453548	-5.3348465	6.1784854	1.0298488	-1.996726	-0.38761884	1.7446414	3.6216776	2.546739	-1.2281189	-1.504477	-1.5280534	0.63869077	-3.1896622	-3.902236	3.418323	2.2439811	0.11002789	-1.739374	-4.358165	-3.7903724	5.0427265	0.95957285	-0.59591156	-3.5801227	-0.47452128	-3.910233	5.1487913	-0.9849712	-0.50350237	-6.6720943	-0.93258595	0.8614395	5.5306726	1.3254284	9.026405	-3.9524305	3.0123267	0.93524855	1.9789518	1.5692316	-3.025139	-2.093005	-2.2455657	8.157027	-0.5615591	1.7919828	-2.717978	6.589279	1.5213253	-3.238191	-0.4914257	-2.4122856	-7.125151	-2.8773563	-3.475063	-3.0281172	
0.4956972	-0.24700429	1.18102	1.9002196	-1.3652456	3.9788454	-3.4068701	-0.57943463	-6.6728992	-0.4882708	1.2794733	2.175217	-2.0617578	-1.9497947	-2.2067297	4.664203	-3.0908127	1.639718	-0.11353068	1.1781149	-0.6598473	1.2118825	3.394829	4.3143725	-4.38141	0.98990184	2.5320382	-2.7004626	0.75386083	-0.0417045	-0.50522786	-1.9106	1.8577572	-4.842275	-2.1356556	1.1643629	1.5745118	2.6293426	-0.45415926	2.8243706	0.23388368	-0.49272013	-4.097062	-2.8599036	1.6389965	-1.690106	1.7210233	3.580815	-3.6405149	3.1640308	2.6765518	2.9115853	-1.8372909	-3.7572975	3.881129	5.042581	1.0106671	1.3444129	0.12038905	2.6450942	4.7460923	0.5737588	-1.3219764	1.7048725	2.4309082	-1.5453409	-3.9032931	0.13732775	-1.0246542	-5.6653433	-4.961206	-0.9119495	-3.1009498	-0.80466765	-2.391911	1.6461915	0.35891646	0.45264268	1.1831423	2.157831	4.9638	5.9738126	4.2820306	0.15076976	1.9983782	0.64929676	0.07959938	1.7181423	-3.7776797	-2.5247579	2.79583	-0.26038653	-3.3883495	-1.7782189	-2.2123005	-0.8121461	1.7714248	-2.9007864	6.5974436	0.45318213	
-5.445091	3.507042	0.32821062	-0.6998953	-3.1603034	-6.7049932	-0.19581953	-2.3014977	-0.6733498	1.7396588	-0.89862585	1.0316546	-0.47537872	-2.722928	1.2129813	5.632856	0.6097866	1.4196992	-1.9820226	-0.4832735	1.7563406	2.3122036	-0.7910361	0.49199218	-3.8868115	6.3864512	2.3288798	1.3234199	7.257347	0.721267	-1.1440079	-3.9356756	5.092419	2.6964037	-1.4872562	-0.31047332	4.100082	2.0291789	-3.7946002	-4.696844	-0.45844087	-1.8809998	-2.2919128	1.4766021	-1.5611858	0.22380485	-4.6512504	-3.0241818	1.2823226	-0.027735505	4.9036055	-0.93373775	-3.5553873	-6.2167645	-0.043446057	3.8964343	0.47173145	-2.2284148	1.8602409	5.6545835	-0.46952644	-3.722646	0.55897146	-4.0311947	-1.9034702	-1.4479318	-4.114222	1.5947628	-0.54576224	1.1261591	0.35860467	-6.7526946	3.1267192	4.4959316	5.9185586	-4.693305	-1.4880289	-0.51181775	1.6894104	0.070932604	6.2912426	0.36215982	-0.6832103	-4.25189	3.89869	1.8447509	-1.6610109	-1.7054532	-5.836881	-0.68757164	-4.926341	-1.8441103	-6.0296082	3.1859808	0.05168979	-4.9916863	2.157746	1.3961647	-1.0096794	-8.258044	
1.3107224	3.7180288	-0.42596197	-9.060893	0.0069840895	0.78176063	-1.6711323	-1.7457088	-2.683925	-2.854732	5.9316163	-1.8604872	-5.8235683	-3.9547403	0.8471704	5.1156316	0.9400007	5.9459443	3.8526483	-5.257474	-0.29692996	2.9479635	-4.11107	1.561524	-2.5422168	0.17323472	0.38713393	1.6719526	4.6613884	-0.2565443	1.9955062	-4.6418166	0.4429479	2.3804095	2.044016	-1.1579864	1.0834566	-2.797782	2.3823404	1.4704741	-3.4542768	-2.6259866	-0.2255238	-0.9795661	1.7542088	-0.019845776	-0.8071219	1.4495163	4.3119726	-0.9451126	1.6483825	-0.27210516	-4.0420866	-7.7418027	-1.6014136	2.6907716	2.020292	4.618364	1.8343439	0.7566744	-2.41414	-4.2305183	6.059916	0.9023423	-2.629969	1.9453325	0.06147371	-2.290946	2.854088	-3.4298487	1.8210967	-3.8136733	-1.3577468	-1.0184498	-2.1944568	-1.9586424	-1.8004043	-7.0544868	-5.799662	-1.4188364	5.329074	0.23613714	2.348183	-3.2469366	0.9356916	4.7538834	2.3841891	-0.112129174	-0.29213783	-0.99496937	-2.9294796	2.4641225	-5.63759	4.8951	-1.9940867	1.0028061	-4.9046483	0.25538102	-1.1003633	0.83076835	
-1.9030266	-1.7749574	-1.3060863	-0.5691	5.748022	-1.8693583	-5.841392	1.5570637	4.4610925	2.274099	-3.6565776	-3.2776496	1.5361315	-0.5352118	2.8457775	-0.43870154	0.7779993	-0.91489065	-3.3118534	-4.545615	-1.3787955	-2.1826196	0.15601474	0.2186411	3.2147634	0.605424	-0.80250895	1.8070061	4.1449823	-0.8067398	-3.9833765	-2.8490446	-0.603299	1.1068809	1.7155913	-3.2567925	-5.255327	-2.1068609	4.534962	1.330088	-0.4049689	1.1010654	-1.8578246	1.8313532	-6.6634398	3.620629	-3.0813906	-2.8398871	-6.492958	1.4218677	3.8942602	4.013026	-0.94471395	-3.266602	-0.94515735	1.2439481	-3.669606	-0.17971937	1.4902519	-0.22643031	-2.707289	2.5326977	4.4136276	3.6864924	5.767453	0.2560962	-4.76872	0.8482694	5.6441493	-5.200474	-0.28899467	-3.3802905	0.51096857	-2.725502	4.0306044	0.3826818	-3.6975713	-3.81523	6.812952	-2.6998045	0.7919999	6.2176785	-1.5287647	4.467292	-0.0588067	-0.8822553	0.060402483	5.3971105	-3.469248	5.4956303	-2.4831743	5.0624795	-2.2335503	-1.5983436	-6.1888056	2.490622	-6.1068316	-3.8594234	-0.8402527	0.4704058	
1.4441051	3.1222286	-3.67162	3.5261319	1.0218618	2.0511255	-3.4367838	1.2144812	-2.6662457	2.901257	-0.070577376	-3.7831466	2.658723	1.2223839	-1.1661484	-3.3787615	1.1237057	3.1003888	0.53508955	-0.25236112	1.331711	-0.8466419	4.749614	-2.8560934	-1.8576344	-3.2875657	-0.85135067	-4.5003886	5.461022	-0.9476502	-4.2556744	-1.4188532	1.3255218	-1.4991161	0.5674225	-0.31669888	2.708569	1.3567065	-1.8224113	3.8487303	-0.40377578	0.07711859	-1.1150857	-2.6601603	-2.638135	-1.5583704	-1.37188	4.6094484	0.3424339	1.9016522	3.3653834	-0.42918903	2.3905082	0.04332431	0.9584504	3.5405457	0.031004116	-5.5892644	-1.1888986	1.1925608	-2.816195	1.0792891	0.790215	1.5662391	3.2096896	2.272829	-0.4572551	-3.3528738	-0.7086028	0.47692043	-1.830052	-1.1606207	3.500574	-3.6521683	0.077412084	2.05862	1.8886276	-4.2359495	-0.45978293	1.957373	-0.38849813	0.0052479296	2.2978551	4.1949706	0.9404686	-2.3669996	2.2349062	1.3905516	-2.4066253	-0.33482885	-0.7347802	1.1332916	0.106866494	-3.0602198	-0.22492221	1.0033563	2.255577	4.2894325	-0.7506191	-5.1529207	
-1.4535934	-2.2679965	-2.2154858	2.4603052	1.5649493	1.248128	-1.3822337	1.4639313	0.27671462	5.7450643	-5.0533347	-4.628578	3.2228005	0.18674406	4.0098906	-1.0079938	4.260239	1.562949	-2.0747442	-2.3902936	-0.021512015	-1.1021574	0.58348495	-1.0149599	0.18982123	1.4163212	-0.66246176	-1.5254034	3.1858525	-2.7005792	-1.8152845	-4.7820044	0.5879799	-1.3878652	0.31731313	0.35260597	-2.8521857	1.3367304	-2.0757792	0.7916543	1.158384	-1.5365939	1.0957597	-0.5461147	-4.4971185	0.72807604	-4.957859	-4.029247	1.0219034	6.4180784	3.1325274	2.7859142	0.21883805	-0.20021786	-1.0244869	2.1079745	-1.0948027	1.4040797	6.9274282	2.3934658	-3.9593008	4.129968	2.0737376	0.018658811	6.3979254	4.1646223	-4.655248	2.1553195	4.3181396	-3.863683	0.12080268	-2.2746367	-0.19950315	-0.25095338	3.7159336	-0.9685843	-2.8835156	-0.5048703	5.0674763	-3.6350653	3.4017406	3.9346733	1.5111253	3.231202	-1.4945045	1.0818508	1.4646267	4.6818147	-1.0653648	2.5016565	-2.1749759	4.580112	-4.5544314	0.95790374	-1.8265897	1.4078175	-5.354494	2.2537992	0.4432871	-2.0257378	
1.8545288	2.6709008	3.1026843	-0.5635918	-3.6547735	3.5005455	1.8980746	3.6441844	-2.204627	1.5210072	1.2313381	-0.067668065	-0.61527663	0.34416398	2.1363776	4.0450406	2.719044	2.986017	-2.4364462	0.5426766	1.3041261	5.8169413	2.9309883	0.42955086	4.937242	-1.4806874	5.6106424	-1.7618351	4.328347	0.7688901	0.86487687	4.8614974	0.86885345	-1.583163	0.87643284	1.7287836	-0.65913546	-2.9843848	-1.0717692	1.9883928	2.445239	2.413957	-0.85021734	3.8673	-2.827926	0.66267127	2.4234424	3.6842103	-1.1131229	0.12211658	1.6182204	-2.026998	-2.3517404	-7.3860345	-7.141823	-0.013371644	0.49582976	-2.6517534	-2.1392312	2.8575168	-5.402431	1.9407177	0.66997135	-2.2803178	-2.6015532	3.5741074	-7.075865	0.19762251	2.4291437	2.541694	-3.6070356	-4.216942	0.9579718	-5.86582	-0.4309718	3.9151187	-2.7271285	-1.0871829	-0.881687	3.758094	-1.5771942	3.0327504	-2.8678327	1.1892735	3.7568839	-1.0004486	0.6298732	-0.64582115	2.5223274	-1.4695605	-4.9076934	1.7862618	1.187001	-4.1145763	6.1169467	-3.333287	1.9011912	-2.8015594	-7.5452185	-1.0670474	
0.089357324	-2.9248738	-0.5908354	3.1046312	1.2165483	3.0676417	2.8292503	3.3240972	3.4705687	2.0541923	-0.5281255	-5.3955493	2.9061074	-0.99831545	-0.38768882	-1.5302936	3.8196049	-0.77933675	1.0119864	0.7592418	-4.582314	0.56497735	3.1474164	-3.209491	-4.903377	-1.3129318	-0.14847568	-1.542068	0.59056604	-1.9129486	0.24959645	-0.2959194	5.716485	2.0058491	1.4556446	-2.8250484	-2.0732636	5.1083446	2.6311045	3.8222046	1.338834	-0.5947781	-0.9060484	-1.6519057	-5.285075	1.8727188	0.98224294	-3.9078543	0.13736875	5.7505503	2.7259915	3.4652479	-1.2504523	-1.5088611	-0.1545836	1.1849813	-3.8245072	1.4311517	2.3305993	2.4299202	3.0645444	-0.7377976	-0.58111775	3.3683286	2.5483625	2.8186283	-2.740762	-1.869161	0.2925432	0.94743097	-1.1502216	-1.5821662	-5.194387	2.027496	-3.7788453	-1.4281949	-4.851699	-2.5008936	5.2501163	0.28035575	3.4597726	3.1556692	3.2157693	3.8816884	0.25471276	0.868297	-2.50145	-0.058837734	-2.9412873	3.4621177	-4.9692755	0.15864323	-1.5308753	0.70330864	-0.45957613	-0.101851195	-3.525245	-0.7738532	-2.8145115	-4.2317696	
-2.2790985	-4.282132	-0.7290593	-3.207779	-5.571653	5.327885	-0.48721063	-0.6523289	-0.10746613	-4.405111	-3.3525915	-2.588425	-3.6650987	-1.7218685	1.202293	2.003014	-0.97621804	-0.16493413	-5.092756	2.619503	-1.3337846	-5.7384496	0.87192535	-2.5052285	3.900091	-1.1599877	2.5562122	-3.459204	1.3210601	-1.913187	4.0857406	-2.4047608	-0.31625667	-2.63929	-0.16880207	2.2935166	0.69660133	4.6152816	5.475981	4.67054	7.2514725	-4.9081154	-2.7789683	5.136583	4.768192	-4.059979	-0.56140316	-0.78499436	-3.169049	5.9088874	2.4555624	1.596525	0.48714674	0.5364115	-0.6272927	5.87562	1.5689898	5.474878	1.2205791	-4.2822237	-9.73582	0.12840053	-8.063203	2.282543	-5.4093504	-2.5048537	2.237393	-1.2623539	3.6850343	-2.280016	1.003445	3.9419696	-4.2400727	6.7066565	-2.0884252	-3.5261538	-6.2557797	0.67000765	-0.24387908	0.015613716	4.047997	-0.012726258	-4.6604457	-6.1532235	-4.8136325	-0.08408645	-8.008297	5.4317594	-2.6281295	-2.067332	-4.322253	3.9622707	-4.469282	7.092715	-7.725518	0.04740651	4.9050927	0.56064785	5.1851583	-2.2186034	
-0.9202016	-0.6645591	0.18058646	3.8217752	1.9317167	0.30124897	-4.2433825	0.6652331	-0.67945796	4.81135	-0.61484706	1.5622061	2.2896879	-0.6986263	-1.3298975	-1.0721565	-0.8240615	2.094614	-1.520515	-1.5703421	-0.13135913	-1.6452148	-1.0119203	-4.3615994	0.4857688	-1.4785266	-0.3834909	-0.7064476	0.5835175	2.660832	-4.142205	-0.6637554	1.6451249	3.4750836	-0.12597904	2.5274177	-5.5354033	-3.312585	0.77558976	3.2758632	-0.3085699	-0.8630242	-4.6633883	-0.6125781	0.6097903	0.5675582	0.5061132	-0.51831365	0.7806406	4.539108	0.63186616	2.134114	0.19577363	-1.4569668	-2.4818373	5.1119566	-2.5693574	-2.8077033	4.5510087	2.0843701	1.4311634	-1.9386625	-2.3385646	1.2523497	1.34181	-0.51092225	-5.1905828	1.0747334	4.4121113	-2.2762754	-2.7062423	-3.7110019	-2.1928005	-0.2956958	2.4176633	4.5786085	-3.3717535	3.1063719	5.6073585	-3.64004	4.562161	2.9851377	0.2894387	-0.001741823	-6.4514456	4.4077663	-0.20983627	2.1275206	-0.5035464	1.1171755	-5.330859	2.6579335	-4.8725066	-3.2549562	-2.2504284	-3.948379	-1.51985	1.9294206	3.797578	-1.3672392	
-3.8980331	3.7097182	0.9538582	-0.103522934	1.3646127	-4.5231395	2.7292678	4.0555077	-3.6269536	1.2311227	4.7704	0.9814577	-0.76773196	5.4866543	4.212188	6.1284266	1.5257682	3.495474	-0.9548894	0.554145	0.8531424	4.043694	-0.304528	2.3814886	2.793576	-1.4597379	2.8095882	-0.7580816	-1.1481339	-3.4116402	0.5965299	4.473809	4.1734304	1.1235096	1.2833943	-0.79684716	-3.1476076	-3.2560024	5.2359385	6.6804996	3.8540392	-1.8264213	-2.6971824	5.0040436	-1.805587	0.97005606	0.46315178	6.0838823	-1.7725239	-3.299277	2.7164085	-1.3836632	-5.031543	-4.872105	-1.9084432	-0.54427063	1.204762	-4.579471	-3.1197507	4.8850927	-2.423875	-0.18004191	0.2768426	6.9944363	-0.7398855	3.5857377	-3.6191933	1.8278226	0.72461414	4.83606	-4.338595	-1.6598217	3.8910255	-2.5285554	2.0355258	2.3500392	-5.318702	-4.0429363	1.6377857	0.8744041	1.0946717	-0.7051782	-2.7474973	-1.8287272	0.012211093	1.0035046	-2.4723809	-4.4899135	2.4303384	0.956436	-4.4619274	2.1942883	1.911629	1.7125531	0.73782825	-3.2289176	1.7881931	2.415273	-8.3234005	-2.393899	
-4.56203	-0.6031735	-3.2496562	4.0261106	0.49944392	-0.6572862	0.95220226	0.93584996	5.342377	-0.75586015	-1.6229392	-2.041279	0.1802136	3.2448757	0.2493209	-3.6622384	3.8119016	6.940482	1.2104347	2.4428234	1.7282463	0.21674444	6.370767	0.35302803	1.5374006	-0.9461813	-1.4209545	0.14197282	-1.8952079	0.7537299	3.8570018	4.346081	3.088033	6.4329953	1.0920706	-3.3939602	1.764162	1.1276962	4.857273	0.05649271	3.6002982	-2.8744597	-0.0462488	1.658411	-7.466493	1.2016063	1.7003622	-5.5840793	0.71676236	-1.5322647	-1.469481	0.14658713	2.137532	5.1979446	-3.1472716	6.7386775	-8.087406	-5.2924533	2.464585	1.527976	-3.5120425	0.055902418	2.1832414	1.5080953	5.7202797	2.2716854	0.8657993	4.5278845	4.274131	-3.8239799	1.2116542	1.7684523	0.53891635	-6.009802	5.13083	5.003226	-2.7225661	0.62049806	0.7647065	0.17420886	0.63746357	2.202673	0.24841782	4.907433	4.07928	0.4684787	-1.8025421	0.07575651	-6.1904435	-1.8086313	2.3094394	2.9347377	-0.9555379	0.14620443	-4.258742	1.3247756	2.456498	0.35127816	-1.2053813	0.76804	
5.9760876	0.5273939	-0.28597277	0.005422161	-1.2961166	-0.48577744	3.533711	-0.49001336	-0.3220065	1.9142464	-2.5213823	0.99973196	-0.19516093	-0.15224	-5.4162884	4.3287764	-1.5332292	-0.09432967	0.2767868	-2.911994	0.17882045	-0.8344712	-2.3842907	4.562894	1.9461657	-1.6966116	4.4971232	0.7993498	-1.9721655	1.1079592	-1.45542	1.2318336	-1.2404182	0.02550885	-0.30240172	-1.0490679	-3.0022416	2.6575162	1.3015597	-1.1678578	1.8493319	-1.1726409	1.2834015	0.030131891	-0.69198817	0.5166866	-0.6950052	-2.2278588	-2.382631	-1.1479516	-5.1166997	1.0648143	-0.54760695	2.262781	-2.8894455	-4.462543	4.257024	-1.1252466	-2.3399005	-0.115361854	0.5332929	0.024685785	-0.4825411	-3.8338978	1.1474637	-0.48694253	-0.5469764	-0.72816515	1.7616043	-0.056481615	0.5947965	-1.9411883	-3.6315575	-2.0359762	-0.6279213	1.3390586	-0.42528337	2.9620166	6.182188	-1.3445424	-4.0971384	-5.178453	-1.9365637	0.21129978	0.9868732	-5.9256797	1.35299	0.033314127	2.759143	-7.530342	2.1471672	-0.0014681834	2.476468	-0.5113394	3.9159155	-1.1993377	-2.00398	3.430691	3.8956847	1.1656557	
2.599836	-2.2388139	-1.4382794	3.3879	-3.1818962	2.461513	4.2546563	3.268015	3.5216916	1.9399667	-2.4814382	-7.689353	1.3381547	2.7386343	-1.1072099	4.523517	-0.033596564	3.3142295	-0.06803317	1.0274451	2.4187133	-4.1118474	1.0761517	-0.550631	-1.7364782	-3.3683395	-3.0545769	0.09501458	-2.058483	1.3928329	-0.76652807	-4.7277617	-2.4120507	0.7221679	-0.024202827	-2.4558022	-5.599762	-1.0582018	0.68144864	-4.4684405	-0.20853125	-0.030283727	1.312455	5.989567	1.9825835	-1.3037511	0.7469305	-1.017348	-0.19794343	-2.226306	0.33310738	-0.71323603	-0.9124146	-1.3621036	-2.8880332	-2.1805153	-4.3783693	2.5210545	-1.1038448	-3.7955139	0.107626185	1.3944645	1.041445	0.8449212	0.24008752	-1.8921033	-3.3773117	3.7391934	4.42143	-0.0052489135	1.0163989	-0.44601306	-3.0953498	2.6573405	2.2234583	0.21115331	0.0030957472	-0.08419231	2.0905552	3.1731198	-2.6614592	-2.5206048	6.3343315	-3.0415542	2.6764874	-0.47604007	2.2610538	-1.3175318	3.645505	-3.9274151	-0.63139766	-0.79369724	-0.74918234	-0.62059796	0.303833	-0.74038774	3.956744	3.191131	1.5032451	3.0642977	
6.341479	-5.9143004	1.8493176	3.1776445	-0.11827474	1.9790385	0.25083673	-4.241124	-2.928211	1.0050124	1.1353031	-6.184341	2.8144236	3.2849238	3.0127459	2.722105	-0.3720925	-1.8005959	6.4367976	2.6251965	-5.5182605	-2.7454429	-1.0562359	-1.8095176	-5.32192	-4.1683025	-3.8599584	1.8464413	1.5118066	3.450618	-1.5196975	-2.4862785	-2.3107076	-0.37379786	4.166017	-2.99052	-0.09553601	5.4964285	-4.1430078	-5.1868715	-2.2446225	-1.042152	5.5309334	-0.38889614	1.5388858	-2.4492655	7.04364	-0.25453427	2.5720642	3.838684	0.22407368	-3.5727262	0.79274255	2.2275429	2.3133156	-2.243453	-1.5703499	3.3233395	-3.0408194	1.3910834	0.5406681	5.8746715	0.17266966	-2.606378	-6.057452	2.978512	-0.10922832	2.8414266	-4.355982	-2.9222867	-4.0115848	-0.14656864	0.040189277	4.8034353	-1.1873302	-5.761492	1.4894816	-1.440083	-0.265785	0.82448375	-1.553401	0.7359904	-0.8076588	3.371095	-1.4758823	0.54254097	-5.345574	2.2500854	-7.7125835	-0.3531979	0.25726366	-1.7322477	-1.906864	1.6435349	0.49355894	-0.8683286	3.0049007	7.54063	-1.185452	1.5789733	
-3.6650271	-3.8698156	-2.4802394	2.4754813	3.8521357	-2.6928437	-3.6043885	1.1466495	3.431434	3.582098	-2.4263062	-0.8242715	5.485242	0.17388113	3.1335094	-2.2339795	3.3558779	2.214468	-0.46947533	-3.1644266	0.8670715	-1.0911312	-3.4897327	-2.7715638	3.4307127	0.51000184	1.7580937	-0.49236506	4.3718987	-3.7856703	-0.5134308	-3.5492098	1.0574417	-0.43113393	1.5388834	-0.53977686	-5.675168	-1.6963989	-2.5395026	0.2108106	1.6260915	-1.9821389	-0.38429382	-1.3617138	-7.93047	-0.38131398	-5.720491	-4.618886	2.679078	3.0127835	3.8781643	2.4606562	-0.9601349	-4.4481955	-3.7533073	3.8155859	-0.11289851	0.7704697	1.7409139	0.32721215	-1.215804	3.862801	2.933879	-0.47819915	2.2091632	-0.19188388	-4.131386	1.6365657	6.5387654	-6.1973886	1.4622607	-1.0674299	-1.139673	-0.47122204	2.9724298	0.016803116	-4.6192584	-0.14011806	6.1414013	-2.6367214	1.723681	4.425857	-0.36903232	1.7998714	0.72775954	0.8089187	0.50069636	3.6857054	-2.7668405	3.3758411	-3.229022	4.5876746	-5.428043	1.8567708	-2.9251502	2.732796	-3.9384165	-0.031938642	-1.4984812	-2.7026672	
-2.6602368	-2.5702524	0.4936153	2.0532703	-2.4444768	-3.3928912	0.9952592	-0.048498712	-2.9337544	-0.05658041	-2.1042182	-2.8833678	0.01824308	3.9920635	3.0883768	6.1926966	0.45993316	-0.60210264	-3.1443062	3.7396286	-5.1519604	1.557362	1.9261035	-0.084661625	4.0006294	-0.6097264	6.0134034	0.4298348	-3.2493513	4.853037	2.992585	-0.15902416	-1.7172323	-3.7393134	0.40950128	-1.6233516	-3.9413996	3.995767	1.0924926	-3.645943	-1.2131633	1.9845164	-1.5217129	2.2529354	-5.267181	-0.5487108	3.9308853	0.17601702	-0.48044133	-1.369777	1.034309	0.13573687	0.17866422	0.11791529	-0.68123716	-1.1070726	0.6462229	1.4363697	-2.1511867	-1.6938621	-7.1646466	5.1481547	1.9454737	2.8570821	0.36353242	1.9479641	2.2876518	-2.4611413	1.0722373	1.0793507	4.2702546	2.3098083	-0.2533491	-0.9724536	-5.0112357	0.84243447	-4.2451234	-1.0226893	-3.2240956	0.5605542	-3.6087267	3.680198	-4.975474	0.7740022	-1.8190957	0.26223013	0.46220514	1.9007422	0.66792846	-0.1588908	-7.5557075	1.8288659	1.848138	1.7854143	-3.834813	-2.0850594	-2.8858047	2.0177097	0.55342364	-4.985021	
3.399501	0.845148	0.10554508	3.9824069	-0.6878389	0.34479782	-6.5425158	2.8062499	-2.05011	1.2216232	0.5162846	1.509561	-1.266562	-4.525165	-0.9910705	-0.099730074	-3.2192435	-1.308171	-4.709598	-0.9534319	8.804555	1.6613235	0.041243676	0.64507407	0.118752256	0.95546687	-0.01419034	-7.0404024	2.054498	-1.5125432	4.12368	-3.259369	-0.033831175	-1.1359832	-1.7808871	2.9765224	1.2488382	-2.0789094	-7.202741	-2.0115013	0.6658793	-2.639437	-0.61336625	-3.7183769	1.0922141	-2.6754417	-6.2887344	7.2056637	-4.0878134	1.0361341	1.0256338	2.4428082	-4.6155424	-1.5633776	-1.969681	0.6360428	-1.1087909	-1.6280456	-3.423771	1.9582362	0.044067454	9.055708	-3.0404074	3.1947906	1.5432341	2.0336087	0.83494824	-1.4860001	-1.2961347	-1.3353424	-3.782019	-1.9187375	-1.4964181	-1.5244218	1.6493946	-0.34029913	3.4846935	-2.2881563	2.5504568	-0.23129088	-0.19072655	2.2456954	5.7660565	3.889673	3.6818216	-0.5880767	3.594406	-0.079639256	-2.2850916	2.2371871	-0.6662758	0.5447082	0.85541975	2.208415	-4.0067673	1.3537393	-1.2619523	-0.2769068	3.3819287	-1.4869735	
3.2991536	1.5804318	6.483076	-0.78777885	-0.20448668	-1.1292967	2.8655162	-4.8080773	4.5028977	-1.5683811	0.49342108	-5.8715982	-0.21995139	-9.274999	1.4584447	0.72065514	-1.9855828	-2.2367973	0.9702399	6.3220105	-2.0641124	2.414958	1.1414149	-4.422299	5.113822	-0.3454901	2.1034393	2.2060866	-2.3207977	-1.4897535	0.757468	-2.4981987	-3.6467667	-0.4955163	0.530814	2.15803	-1.4788358	0.6987261	2.7145343	1.2976747	-0.78231287	-1.5404202	5.6564198	6.2510056	2.2847385	2.7957172	-1.1591803	1.8449541	3.3362687	0.20442712	3.0637243	5.383634	-3.3120918	-0.021218412	0.9026441	-0.6145241	-1.5215535	0.88413805	0.39274555	0.43828678	-0.07011571	-1.4047302	-1.899827	3.552964	-1.408417	-1.135562	-6.2198	2.1805453	-6.1161423	-0.049934506	3.273091	1.8206786	-3.780528	1.486314	3.921387	-3.472359	-5.214992	0.589252	1.8070123	-3.7250566	1.6379246	-2.8197048	1.2125223	2.082048	1.1792697	-1.0009418	2.011017	-0.24540578	4.1109576	-1.0331246	-2.3283696	-0.9514968	0.48852277	3.50134	-0.41674793	-2.6347475	1.7742506	2.2633798	-1.8506045	1.3502048	
-4.9359236	-4.1545544	-2.196075	3.9724057	-3.6590714	-4.4959717	0.75692695	4.0182605	1.1648067	3.2284071	0.4099084	0.7497932	-0.6274286	0.14987434	3.6263576	1.8505511	1.9763229	2.2310727	-1.0291381	6.2990575	-7.3629913	-6.350565	-1.5045668	-4.863945	0.26893133	0.7243999	-3.8143435	-2.2911613	7.13632	-6.1486473	4.159291	-4.4073725	-3.4690087	-8.280862	-3.4077532	-6.9404206	-0.36533073	5.3005834	-2.1961918	-3.3558645	-6.067311	-3.4748912	3.021787	6.1181087	-0.26785	-1.1767694	5.519961	6.0235047	-2.0872128	2.7179904	-4.7508526	3.79548	1.0169479	-1.6615767	-4.1188073	-3.1528983	6.576814	0.370796	-3.1506238	-0.41244408	2.4835782	4.1379037	1.5111382	-1.6289197	-2.8608925	-2.1485248	-1.3507705	-5.88941	2.7170732	1.3456177	1.7710705	1.9465175	-0.92741394	1.0778505	-2.4300108	-5.053008	0.6116509	-0.08634628	2.2314215	-1.9415249	3.6831627	5.329453	-6.1089516	-0.0117511945	-4.8263555	-2.373379	3.4947715	1.3702164	0.8913498	0.44619972	1.5629407	0.99121094	-4.3809795	-1.0381435	0.19597796	-1.6827253	6.49829	-1.8898466	-2.4312677	3.9634206	
1.0828131	1.9691306	0.78255564	-0.5236595	3.159093	0.78867143	-0.37309983	0.5122574	0.9237384	2.5359545	0.0065719974	-0.8745655	-1.5990418	-3.1457329	-3.7100506	-0.751236	-1.7861298	-0.93997866	-1.0125328	-0.8026482	0.38675147	-3.3257477	-1.4418967	1.0529388	0.51228267	-0.5939206	0.40120178	-2.0666797	0.6742696	2.097899	0.8959988	1.076604	-0.03243935	-2.2789803	-0.76148695	-0.69815713	3.776592	-1.0317839	-3.011404	1.1626167	0.1910154	-1.1530867	2.5931766	0.37888378	-1.1869652	0.7321444	0.2341752	-1.2278183	2.1312866	-0.45363262	-1.796477	2.2039976	1.433483	0.16634025	-0.06845006	1.8715924	1.2080798	0.43997207	-1.0600897	1.6696476	-2.319622	0.10458371	-0.47709653	-4.736129	-1.6367373	-0.6313312	-1.6517769	-1.1293215	3.006503	-0.15172875	1.3081071	-0.6834657	-0.38375646	0.80841744	-0.36165768	-2.0187886	-1.3421888	-3.0062437	-0.32485163	-0.22608112	-3.9210799	0.86759025	0.44630742	1.9944618	-0.73779684	-5.7390676	2.0107245	-2.4947846	-1.2395111	-3.5596635	2.3781805	-0.20780489	-1.4414074	-0.13373473	1.3340524	-0.030843383	-1.0450112	0.16268834	1.8695924	1.5210162	
0.7541069	-1.9949211	-1.2414694	-2.8636422	-4.7676077	0.8330513	1.411161	1.3663604	1.9970118	0.66941327	2.521396	4.883351	-3.5869513	-3.7301967	2.0561483	-0.5412748	-0.79187804	-2.7015092	1.2848262	-2.675	3.6892736	0.78934914	-1.4821284	-2.3788862	-3.6021826	2.6726086	-2.0040758	-3.139164	-1.6691853	-3.682288	1.9253591	-4.3444176	1.8596363	-0.9491217	1.1313279	-7.181806	2.7913065	1.3288164	6.4652963	-0.26843303	-4.1572075	-0.59639525	3.9044151	-2.9134996	0.7139131	-3.6478508	3.5373275	-5.816101	-5.3977804	7.528295	-3.3414664	7.9261413	5.5426803	-3.9009924	1.0862323	2.5545678	7.9427238	-2.9640622	-7.672371	0.7285603	0.8331359	-5.401093	-3.1998193	-5.5662556	2.9137144	3.8337646	-11.234272	-4.425696	-3.020837	4.8308573	4.0255513	8.020937	1.5103295	-2.7769926	5.968074	2.1849692	-1.5358937	0.7884889	0.021427555	1.3215928	3.6617637	-1.1465181	-0.0629931	6.267367	1.6700828	-4.9264636	5.3834987	-2.636358	-0.13568752	3.9901407	-1.7484603	-5.7169943	-3.9161568	3.5776613	-9.378556	2.6829803	-10.67523	2.630045	-0.5484527	1.4635195	
1.0364766	-0.82712406	-0.24485843	-1.1869235	1.4618434	3.8930666	1.662251	4.485117	-7.0247903	3.0797415	0.5105146	-2.538429	0.22987984	-2.3055623	-2.037194	-0.87652737	-1.6009629	-4.1447306	-3.3104532	-2.8547726	-0.68384653	-0.09414062	-1.4147677	3.37494	-4.650381	4.320093	3.4408128	-0.21920905	-0.14295715	-0.68537194	4.878675	-4.1857605	3.1390018	-0.5938005	-5.9666467	3.356531	-1.321842	0.3267954	2.3838074	-3.0354965	-0.9996226	-1.2025423	0.24085635	-2.3551831	-1.2542319	-1.6801723	-3.6067936	3.646756	1.3426192	1.847855	5.4962487	3.8421042	-3.0780704	3.7254455	-3.0088856	1.0173616	3.8292463	-6.5805144	-1.0995598	1.05984	1.1737568	2.6432211	-1.37964	2.4691365	0.14409474	0.15554924	-4.2714396	-5.1513705	-2.5285246	1.4335871	-3.5800796	-0.68064	-0.5957591	-2.8722405	1.3521659	2.774175	3.5427382	-7.790786	-2.5834086	1.6018108	1.9132026	4.6672516	1.5053664	-0.20757312	-3.4144936	-1.9012272	-2.1690896	1.3293967	-0.5477625	-0.6898378	7.4431753	-3.4069417	0.58783907	1.0128362	-1.38373	3.1752985	2.3795795	-7.0498104	6.052041	-4.8802633	
3.3919604	5.0452394	6.187679	2.5166163	3.5296385	3.2712228	-2.5026531	4.4397473	2.5321412	3.283717	-0.3602949	-0.78436685	-2.0850596	-4.622976	-0.9119525	-0.68581134	-5.376656	2.3122725	-0.6924575	-1.1897194	7.2705226	-1.0802621	-5.5512567	-4.9768424	-3.8149672	-0.2876019	8.908499	-3.6228986	3.0754263	1.7515352	-1.7682605	-3.659661	-2.5820947	3.7713728	-3.823613	1.4148666	2.9080303	0.4984967	-1.8689889	6.1176424	1.048291	-2.0320106	-1.58271	-0.47340757	2.0158033	-3.135977	7.234174	-1.4864402	-1.8455803	3.3721328	8.080637	-2.5007026	3.3266177	0.22347455	2.3117442	-3.9150481	6.9626255	0.47164163	7.7860866	1.4436069	-0.532892	0.4782641	5.9571233	-5.333325	1.5948815	-0.42432457	-0.40566793	2.01243	4.5419307	-1.6067092	6.1235814	-6.2535744	-0.84381276	-0.2936757	-9.523757	-1.9746069	8.893749	-2.7006106	-1.5974672	5.8900084	-2.6587102	-6.7075067	-4.0010686	5.9242325	1.1577756	-3.585314	4.394056	-4.493067	-5.7364426	0.27956825	-3.0460744	-1.8659735	0.22814769	7.2621937	0.6768323	-2.8789096	-2.8114417	4.4951067	0.4028134	-1.735531	
2.6817834	0.1985148	5.396258	-4.951968	4.463666	2.4045327	-3.072444	4.8386397	-9.21204	-3.4266522	2.646376	5.411425	2.0872712	0.79114825	0.30963397	0.24889198	0.5361952	-2.6417546	-5.347487	-1.1500177	0.25185874	-0.45756948	2.4270167	1.7814242	2.303477	7.8746085	1.8623972	2.2469783	1.6892478	0.12242586	1.0442324	2.8421755	5.906093	-5.6675973	7.6396513	8.965074	-0.5286365	-3.8364716	0.73832625	0.3207493	0.8895645	-0.16431838	-2.3505924	-1.7863183	5.921645	-4.0212116	-1.7526214	4.427419	-1.6308135	3.8625624	-3.1326694	-2.0294807	1.6795568	-2.435083	6.412884	-3.1436949	-5.365858	2.5360084	6.307088	0.9189133	-1.0428882	0.3756233	-0.18444026	2.5590308	-0.34689033	0.48052603	-1.1475475	4.319183	-2.3153436	-1.204095	1.4453553	5.221122	1.8170967	-3.948173	-3.8092995	-4.3525834	-5.9905295	-1.4748645	0.38413247	2.0857582	-0.98179245	1.7313771	-2.774125	-1.4477307	0.3886	3.5576522	1.5534002	-3.3136404	4.872791	-8.885757	0.91864204	-3.6514654	-0.3872936	3.265027	-0.8018449	1.1335207	9.506848	-2.1665053	-0.38502458	3.575083	
-1.4274538	2.8063178	-3.6459103	2.0612245	-1.3497208	3.0897079	4.8218718	1.4976534	0.87401986	0.83669	-1.1714888	-5.455134	3.830031	4.0505347	-0.25275514	-0.29957023	0.39955857	0.95703286	0.5492652	0.36715344	-2.1544077	1.5603011	-2.9020066	0.56664044	-3.7606785	0.12583391	-2.1511745	-1.4841576	-3.0405807	-5.1427093	-1.3578916	-0.019445328	2.2804408	1.6511483	-2.8168027	0.01906042	3.2098048	0.5516639	0.2571439	-0.3221465	-1.4763571	-1.7743672	-1.127768	1.9166754	3.4046514	0.25517222	-4.069584	1.0481656	1.403784	1.175693	3.2564337	-0.47875932	-0.5177821	1.3337023	1.5685526	0.48911318	-0.7502958	-3.1590562	2.2601287	-1.0919087	-3.0927896	-2.8359203	0.39760023	2.8650546	0.3716578	-1.3532034	-0.88271165	-1.2545866	1.1056712	0.3629548	2.2184432	0.33517095	-0.085039586	-2.5458598	2.3438435	-5.2051663	-9.729413	-5.9095697	4.8542943	-4.3205533	0.4567534	6.9905267	2.680817	-0.67498124	1.2714441	-1.2988845	0.94863814	0.4772997	-5.2029986	0.24014258	-2.5645452	1.3213166	-2.1428654	-1.9200753	-2.597705	8.675028	-4.6316347	3.5528028	4.4416413	-2.554792	
